demographic,earnings,order_earnings,earnings_hs,order_earnings_hs,earnings_ba,order_earnings_ba,earnings_aa,order_earnings_aa,earnings_justice,order_earnings_justice,earnings_race,order_earnings_race,earnings_comm,order_earnings_comm,earnings_job_quality,order_earnings_job_quality,earnings_job_training,order_earnings_job_training
White and Other Male,21,1,21,1,21,1,21,1,21,1,21,1,21,1,21,1,21,1
White and Other Male,12,1,12,1,12,1,12,1,12,1,12,1,12,1,12,1,12,1
White and Other Female,14,1,14,1,14,1,14,1,14,1,14,1,14,1,15,1,14,1
White and Other Male,9,1,9,1,9,1,9,1,9,1,9,1,10,1,9,1,9,1
White and Other Female,9,1,9,1,9,1,9,1,9,1,9,1,9,1,9,1,9,1
White and Other Female,20,1,20,1,20,1,20,1,20,1,20,1,21,1,20,1,21,1
White and Other Male,9,2,9,2,9,2,9,2,9,2,9,2,9,1,10,1,9,2
White and Other Male,21,2,21,2,21,2,21,2,21,2,21,2,21,2,21,2,21,2
White and Other Female,10,1,10,1,10,1,10,1,10,1,10,1,10,1,10,1,10,1
White and Other Male,21,3,21,3,21,3,21,3,21,3,21,3,21,3,21,3,21,3
White and Other Female,16,1,16,1,16,1,16,1,16,1,16,1,16,1,16,1,16,1
White and Other Female,10,2,10,2,10,2,10,2,10,2,10,2,11,1,12,1,11,1
White and Other Male,21,4,21,4,21,4,21,4,21,4,21,4,21,4,21,4,21,4
White and Other Male,5,1,5,1,5,1,5,1,5,1,5,1,5,1,5,1,5,1
White and Other Male,5,2,5,2,5,2,5,2,5,2,5,2,6,1,6,1,6,1
White and Other Female,6,1,6,1,6,1,6,1,6,1,6,1,6,1,6,1,6,1
White and Other Male,20,1,20,1,20,1,20,1,20,1,20,1,20,1,20,1,20,1
White and Other Male,11,1,11,1,11,1,11,1,11,1,11,1,11,1,11,1,11,1
White and Other Female,12,1,12,1,12,1,12,1,12,1,12,1,12,1,13,1,12,1
White and Other Female,12,2,12,2,12,2,12,2,12,2,12,2,12,2,13,2,12,2
White and Other Male,12,2,12,2,12,2,12,2,12,2,12,2,12,2,14,1,13,1
Hispanic Male,7,1,7,1,7,1,7,1,7,1,12,1,7,1,8,1,7,1
Hispanic Male,15,1,15,1,15,1,15,1,15,1,19,1,16,1,15,1,16,1
Black Female,4,1,4,1,4,1,4,1,4,1,5,1,15,1,5,1,4,1
Black Male,2,1,2,1,2,1,2,1,2,1,8,1,2,1,3,1,2,1
White and Other Female,13,1,13,1,13,1,13,1,13,1,13,1,15,1,15,2,14,2
Hispanic Female,4,1,4,1,4,1,4,1,4,1,6,1,4,1,5,1,5,1
Black Female,7,1,7,1,7,1,10,1,7,1,8,1,7,1,8,1,7,1
Hispanic Female,6,1,6,1,6,1,6,1,6,1,8,1,7,1,6,1,6,1
Hispanic Female,6,2,6,2,6,2,6,2,6,2,7,1,6,1,6,2,6,2
Hispanic Female,6,3,6,3,6,3,6,3,6,3,8,2,7,2,6,3,6,3
Black Male,6,1,6,1,6,1,6,1,6,1,17,1,10,1,7,1,6,1
White and Other Male,21,5,21,5,21,5,21,5,21,5,21,5,21,5,21,5,21,5
Hispanic Male,7,2,7,2,7,2,7,2,7,2,13,1,7,2,7,1,7,2
White and Other Female,3,1,3,1,3,1,3,1,3,1,3,1,3,1,3,1,3,1
White and Other Female,7,1,7,1,7,1,7,1,7,1,7,1,7,1,8,1,7,1
Black Female,3,1,3,1,3,1,3,1,3,1,4,1,3,1,3,1,3,1
White and Other Male,21,6,21,6,21,6,21,6,21,6,21,6,21,6,21,6,21,6
White and Other Female,3,2,3,2,3,2,3,2,3,2,3,2,3,2,3,2,3,2
White and Other Male,11,2,11,2,11,2,11,2,11,2,11,2,11,2,11,2,11,2
White and Other Male,13,1,13,1,13,1,13,1,13,1,13,1,13,1,13,1,14,1
White and Other Female,11,1,11,1,11,1,11,1,11,1,11,1,11,2,11,1,11,2
White and Other Female,8,1,8,1,8,1,8,1,8,1,8,1,9,2,10,2,9,2
Hispanic Female,15,1,15,1,15,1,15,1,15,1,18,1,15,1,15,1,15,1
White and Other Male,13,2,13,2,13,2,13,2,13,2,13,2,13,2,16,1,14,2
White and Other Male,21,7,21,7,21,7,21,7,21,7,21,7,21,7,21,7,21,7
Hispanic Male,18,1,18,1,18,1,18,1,18,1,21,1,18,1,18,1,19,1
Black Male,6,2,20,1,6,2,6,2,6,2,13,1,18,1,6,1,6,2
White and Other Male,12,3,12,3,12,3,12,3,12,3,12,3,12,3,13,2,12,2
White and Other Male,15,1,15,1,15,1,15,1,15,1,15,1,15,1,17,1,16,1
White and Other Male,21,8,21,8,21,8,21,8,21,8,21,8,21,8,21,8,21,8
White and Other Female,20,2,20,2,20,2,20,2,20,2,20,2,20,1,20,2,20,1
Hispanic Female,13,1,14,1,13,1,13,1,13,1,15,1,14,1,13,1,13,1
Hispanic Female,11,1,11,1,11,1,11,1,11,1,14,1,11,1,12,1,11,1
White and Other Female,7,2,7,2,7,2,7,2,7,2,7,2,7,2,7,1,8,1
White and Other Male,11,3,15,2,11,3,11,3,11,3,11,3,11,3,12,2,11,3
White and Other Male,4,1,4,1,4,1,4,1,4,1,4,1,4,1,4,1,5,2
White and Other Male,16,1,16,1,16,1,16,1,16,1,16,1,16,1,16,2,16,2
White and Other Male,21,9,21,9,21,9,21,9,21,9,21,9,21,9,21,9,21,9
White and Other Male,21,10,21,10,21,10,21,10,21,10,21,10,21,10,21,10,21,10
White and Other Male,12,4,12,4,12,4,12,4,12,4,12,4,12,4,12,3,13,2
White and Other Male,8,1,8,1,8,1,8,1,8,1,8,1,8,1,9,2,8,1
White and Other Female,14,2,14,2,14,2,14,2,14,2,14,2,14,2,14,1,15,1
White and Other Female,12,3,12,3,12,3,12,3,12,3,12,3,12,3,13,3,12,3
White and Other Female,18,1,18,1,18,1,18,1,18,1,18,1,18,1,18,1,18,1
White and Other Male,7,1,10,1,7,1,7,1,7,1,7,1,7,1,7,1,7,1
White and Other Male,21,11,21,11,21,11,21,11,21,11,21,11,21,11,21,11,21,11
White and Other Male,15,2,15,3,15,2,15,2,15,2,15,2,15,2,15,1,16,3
White and Other Female,18,2,18,2,18,2,18,2,18,2,18,2,18,2,18,2,18,2
Black Male,16,1,16,1,16,1,16,1,16,1,21,1,16,1,16,1,16,1
Hispanic Female,12,1,12,1,12,1,13,2,12,1,19,1,13,1,12,2,12,1
White and Other Female,13,2,13,2,13,2,13,2,13,2,13,2,13,1,15,3,14,3
White and Other Male,17,1,17,1,17,1,17,1,17,1,17,1,17,1,18,1,17,1
White and Other Male,15,3,15,4,15,3,15,3,15,3,15,3,15,3,15,2,16,4
White and Other Female,9,2,9,2,9,2,9,2,9,2,9,2,9,3,9,2,9,3
White and Other Male,8,2,8,2,8,2,8,2,8,2,8,2,12,5,8,1,8,2
White and Other Male,5,3,5,3,5,3,5,3,5,3,5,3,6,2,5,2,7,2
White and Other Male,16,2,16,2,16,2,16,2,16,2,16,2,16,2,18,2,17,2
White and Other Female,21,1,21,1,21,1,21,1,21,1,21,1,21,2,21,1,21,2
White and Other Male,21,12,21,12,21,12,21,12,21,12,21,12,21,12,21,12,21,12
White and Other Female,21,2,21,2,21,2,21,2,21,2,21,2,21,3,21,2,21,3
White and Other Male,13,3,13,3,13,3,13,3,13,3,13,3,13,3,14,2,13,3
White and Other Female,18,3,18,3,18,3,18,3,18,3,18,3,18,3,18,3,18,3
White and Other Female,8,2,8,2,8,2,8,2,8,2,8,2,8,1,8,2,8,2
White and Other Male,20,2,20,2,20,2,20,2,20,2,20,2,20,2,20,2,21,13
White and Other Male,13,4,13,4,13,4,13,4,13,4,13,4,13,4,13,3,14,3
White and Other Male,21,13,21,13,21,13,21,13,21,13,21,13,21,13,21,13,21,14
Black Female,3,2,3,2,3,2,3,2,3,2,4,2,3,2,3,2,3,2
Hispanic Female,4,2,4,2,4,2,4,2,4,2,8,3,4,2,5,2,4,1
White and Other Male,16,3,16,3,16,3,16,3,16,3,16,3,16,3,16,3,16,5
White and Other Male,18,1,18,1,18,1,18,1,18,1,18,1,18,1,20,3,18,1
White and Other Female,21,3,21,3,21,3,21,3,21,3,21,3,21,4,21,3,21,4
White and Other Female,5,1,5,1,5,1,5,1,5,1,5,1,5,1,5,1,5,1
Black Female,10,1,10,1,10,1,10,2,10,1,13,1,10,1,10,1,10,1
Black Female,21,1,21,1,21,1,21,1,21,1,21,1,21,1,21,1,21,1
Black Female,11,1,11,1,17,1,13,1,11,1,11,1,11,1,11,1,11,1
White and Other Female,5,2,11,2,5,2,5,2,5,2,5,2,5,2,5,2,5,2
White and Other Female,18,4,18,4,18,4,18,4,18,4,18,4,18,4,18,4,18,4
White and Other Female,9,3,9,3,9,3,9,3,9,3,9,3,9,4,9,3,9,4
Black Male,5,1,5,1,5,1,5,1,6,3,16,1,6,1,5,1,6,3
Black Female,19,1,19,1,19,1,19,1,19,1,19,1,20,1,19,1,19,1
Hispanic Female,20,1,20,1,20,1,20,1,20,1,20,1,20,1,20,1,20,1
Hispanic Female,6,4,6,4,6,4,9,1,6,4,8,4,6,2,6,4,7,1
Black Female,4,2,8,1,4,2,4,2,4,2,3,1,4,1,4,1,4,2
Black Male,8,1,8,1,8,1,14,1,8,1,12,1,9,1,8,1,8,1
Hispanic Female,11,2,11,2,11,2,11,2,11,2,15,2,11,2,11,1,11,2
Black Male,5,2,5,2,5,2,5,2,6,4,12,2,5,1,5,2,5,1
Black Male,13,1,13,1,13,1,13,1,14,1,21,2,14,1,14,1,13,1
Black Male,5,3,5,3,5,3,11,1,5,1,13,2,5,2,5,3,5,2
Black Female,8,1,8,2,8,1,8,1,8,1,8,2,8,1,8,2,8,1
Black Female,6,1,6,1,6,1,6,1,6,1,12,1,7,2,7,1,7,2
Black Male,5,4,5,4,5,4,5,3,6,5,14,1,5,3,6,2,5,3
Black Male,9,1,9,1,9,1,9,1,9,1,20,1,10,2,11,1,10,1
Black Male,9,2,9,2,9,2,9,2,9,2,21,3,10,3,9,1,9,1
Black Female,11,2,11,2,11,1,11,1,11,2,8,3,11,2,11,2,11,2
White and Other Male,10,1,10,2,10,1,10,1,10,1,10,1,10,2,12,4,11,4
Black Male,6,3,6,2,6,3,6,3,6,6,16,2,6,2,6,3,6,4
Black Female,11,3,11,3,11,2,11,2,11,3,9,1,11,3,11,3,11,3
Hispanic Female,11,3,11,3,11,3,11,3,11,3,10,1,11,3,11,2,11,3
Hispanic Female,7,1,7,1,7,1,7,1,7,1,8,5,7,3,8,1,7,2
Hispanic Female,8,1,8,1,8,1,8,1,8,1,5,1,8,1,9,1,9,1
Black Male,19,1,19,1,19,1,19,1,21,1,21,4,21,1,19,1,19,1
Black Male,4,1,4,1,4,1,4,1,15,1,10,1,14,2,5,4,5,4
Hispanic Female,1,1,1,1,1,1,1,1,1,1,3,1,2,1,1,1,1,1
Hispanic Male,7,3,7,3,7,3,7,3,7,3,12,2,8,1,7,2,8,1
Hispanic Male,12,1,12,1,12,1,12,1,12,1,14,1,12,1,13,1,12,1
Hispanic Male,15,2,15,2,15,2,15,2,15,2,14,2,15,1,17,1,15,1
Hispanic Male,15,3,15,3,15,3,15,3,15,3,21,2,15,2,15,2,16,2
Black Female,7,2,7,2,7,2,7,1,7,2,7,1,7,3,7,2,7,3
Hispanic Female,6,5,6,5,6,5,6,4,6,5,5,2,6,3,6,5,6,4
White and Other Female,8,3,8,3,8,3,8,3,8,3,8,3,8,2,9,4,8,3
White and Other Female,21,4,21,4,21,4,21,4,21,4,21,4,21,5,21,4,21,5
White and Other Female,18,5,18,5,18,5,18,5,18,5,18,5,18,5,20,3,19,1
White and Other Female,6,2,6,2,6,2,6,2,6,2,6,2,6,2,6,2,6,2
White and Other Female,21,5,21,5,21,5,21,5,21,5,21,5,21,6,21,5,21,6
White and Other Male,12,5,12,5,12,5,12,5,12,5,12,5,12,6,13,4,12,3
White and Other Male,21,14,21,14,21,14,21,14,21,14,21,14,21,14,21,14,21,15
White and Other Male,9,3,21,15,9,3,9,3,9,3,9,3,21,15,9,3,9,3
White and Other Female,21,6,21,6,21,6,21,6,21,6,21,6,21,7,21,6,21,7
Hispanic Female,12,2,12,2,12,2,12,1,12,2,13,1,12,1,12,3,12,2
Hispanic Female,5,1,5,1,5,1,5,1,5,1,9,1,5,1,5,3,5,2
White and Other Male,8,3,8,3,8,3,8,3,8,3,8,3,9,2,9,4,8,3
White and Other Female,14,3,14,3,14,3,14,3,14,3,14,3,14,3,14,2,14,4
White and Other Male,10,2,10,3,10,2,10,2,10,2,10,2,10,3,10,2,10,1
Black Male,5,5,10,1,5,5,5,4,5,2,15,1,5,4,5,5,5,5
Hispanic Female,11,4,11,4,11,4,11,4,11,4,12,1,11,4,11,3,11,4
White and Other Male,9,4,9,3,9,4,9,4,9,4,9,4,9,3,9,5,9,4
White and Other Female,21,7,21,7,21,7,21,7,21,7,21,7,21,8,21,7,21,8
White and Other Female,13,3,13,3,13,3,13,3,13,3,13,3,13,2,13,4,13,1
White and Other Male,21,15,21,16,21,15,21,15,21,15,21,15,21,16,21,15,21,16
Hispanic Female,6,6,6,6,6,6,6,5,6,6,8,6,6,4,6,6,6,5
Black Female,4,3,4,2,4,3,4,3,4,3,4,3,4,2,4,2,4,3
White and Other Male,16,4,16,4,16,4,16,4,16,4,16,4,16,4,16,4,17,3
Black Female,9,1,9,1,9,1,10,3,9,1,10,1,9,1,9,1,10,2
White and Other Male,5,4,5,4,5,4,5,4,5,4,5,4,5,2,7,2,5,3
White and Other Male,17,2,17,2,17,2,17,2,17,2,17,2,17,2,18,3,17,4
White and Other Female,8,4,8,4,8,4,8,4,8,4,8,4,8,3,8,3,8,4
White and Other Female,15,1,15,1,15,1,15,1,15,1,15,1,20,2,15,4,21,9
White and Other Female,3,3,8,5,3,3,3,3,3,3,3,3,3,3,3,3,3,3
Hispanic Male,21,1,21,1,21,1,21,1,21,1,21,3,21,1,21,1,21,1
Hispanic Male,19,1,19,1,19,1,19,1,19,1,19,2,18,2,20,1,19,2
Hispanic Female,6,7,6,7,6,7,11,5,6,7,7,2,6,5,6,7,6,6
White and Other Female,11,2,11,3,11,2,11,2,11,2,11,2,12,4,11,2,11,3
Black Male,6,4,6,3,6,4,14,2,7,1,15,2,6,3,6,4,6,5
Black Female,10,2,10,2,10,2,10,4,10,2,12,2,11,4,10,2,10,3
White and Other Female,21,8,21,8,21,8,21,8,21,8,21,8,21,9,21,8,21,10
White and Other Female,20,3,20,3,20,3,20,3,20,3,20,3,20,3,20,4,20,2
White and Other Female,7,3,7,3,7,3,7,3,7,3,7,3,7,3,8,4,7,2
Hispanic Female,20,2,20,2,20,2,20,2,20,2,21,1,20,2,20,2,20,2
White and Other Male,11,4,11,3,11,4,11,4,11,4,11,4,11,4,13,5,12,4
Hispanic Male,21,2,21,2,21,2,21,2,21,2,21,4,21,2,21,2,21,2
White and Other Male,12,6,12,6,12,6,12,6,12,6,12,6,12,7,14,3,12,5
White and Other Female,21,9,21,9,21,9,21,9,21,9,21,9,21,10,21,9,21,11
White and Other Female,21,10,21,10,21,10,21,10,21,10,21,10,21,11,21,10,21,12
Hispanic Male,21,3,21,3,21,3,21,3,21,3,21,5,21,3,21,3,21,3
White and Other Male,17,3,17,3,17,3,17,3,17,3,17,3,17,3,17,2,19,1
White and Other Male,21,16,21,17,21,16,21,16,21,16,21,16,21,17,21,16,21,17
White and Other Female,9,4,9,4,9,4,9,4,9,4,9,4,9,5,9,5,9,5
White and Other Male,14,1,14,1,14,1,14,1,14,1,14,1,14,1,15,3,14,4
White and Other Male,21,17,21,18,21,17,21,17,21,17,21,17,21,18,21,17,21,18
White and Other Female,16,2,16,2,16,2,16,2,16,2,16,2,16,2,16,2,16,2
White and Other Female,7,4,7,4,7,4,7,4,7,4,7,4,7,4,8,5,8,5
White and Other Male,6,1,6,1,6,1,6,1,6,1,6,1,6,3,6,2,6,2
White and Other Female,8,5,8,6,8,5,8,5,8,5,8,5,8,4,8,6,8,6
White and Other Male,10,3,10,4,10,3,10,3,10,3,10,3,11,5,11,3,10,2
White and Other Male,21,18,21,19,21,18,21,18,21,18,21,18,21,19,21,18,21,19
White and Other Female,9,5,9,5,9,5,12,4,9,5,9,5,9,6,10,3,10,2
White and Other Female,9,6,9,6,9,6,9,5,9,6,9,6,9,7,10,4,10,3
Hispanic Female,9,1,9,1,9,1,9,2,9,1,11,1,9,1,9,2,9,2
White and Other Male,19,1,19,1,19,1,19,1,19,1,19,1,19,1,19,1,19,2
White and Other Male,21,19,21,20,21,19,21,19,21,19,21,19,21,20,21,19,21,20
White and Other Female,12,4,12,4,12,4,12,5,12,4,12,4,12,5,12,2,12,4
Black Female,18,1,18,1,18,1,18,1,18,1,18,1,18,1,18,1,18,1
White and Other Female,5,3,11,4,5,3,5,3,5,3,5,3,5,3,5,3,5,3
White and Other Female,18,6,18,6,18,6,18,6,18,6,18,6,18,6,18,5,18,5
White and Other Female,9,7,9,7,9,7,9,6,9,7,9,7,10,2,9,6,9,6
White and Other Male,13,5,13,5,13,5,13,5,13,5,13,5,13,5,15,4,14,5
White and Other Male,21,20,21,21,21,20,21,20,21,20,21,20,21,21,21,20,21,21
White and Other Female,10,3,10,3,10,3,10,3,10,3,10,3,10,3,10,5,10,4
White and Other Male,13,6,13,6,13,6,13,6,13,6,13,6,13,6,13,6,14,6
White and Other Male,21,21,21,22,21,21,21,21,21,21,21,21,21,22,21,21,21,22
White and Other Female,10,4,10,4,10,4,10,4,10,4,10,4,10,4,11,3,10,5
White and Other Female,21,11,21,11,21,11,21,11,21,11,21,11,21,12,21,11,21,13
White and Other Female,19,1,19,1,19,1,19,1,19,1,19,1,19,1,19,1,19,2
White and Other Female,4,1,4,1,4,1,4,1,4,1,4,1,4,1,4,1,4,1
White and Other Male,7,2,11,4,7,2,7,2,7,2,7,2,7,2,9,6,8,4
White and Other Male,10,4,10,5,10,4,10,4,10,4,10,4,12,8,10,3,10,3
White and Other Female,16,3,16,3,16,3,16,3,16,3,16,3,16,3,17,1,16,3
White and Other Male,21,22,21,23,21,22,21,22,21,22,21,22,21,23,21,22,21,23
White and Other Female,7,5,7,5,7,5,7,5,7,5,7,5,7,5,7,2,7,3
White and Other Female,21,12,21,12,21,12,21,12,21,12,21,12,21,13,21,12,21,14
White and Other Female,4,2,9,8,4,2,4,2,4,2,4,2,4,2,4,2,4,2
White and Other Female,17,1,17,1,17,1,17,1,17,1,17,1,17,1,17,2,17,1
White and Other Female,4,3,4,2,4,3,4,3,4,3,4,3,4,3,4,3,4,3
White and Other Male,14,2,14,2,14,2,14,2,14,2,14,2,14,2,14,4,15,1
White and Other Male,17,4,17,4,17,4,17,4,17,4,17,4,17,4,19,2,18,2
White and Other Male,21,23,21,24,21,23,21,23,21,23,21,23,21,24,21,23,21,24
White and Other Male,21,24,21,25,21,24,21,24,21,24,21,24,21,25,21,24,21,25
White and Other Male,14,3,14,3,14,3,14,3,14,3,14,3,14,3,14,5,15,2
White and Other Female,16,4,16,4,16,4,16,4,16,4,16,4,16,4,16,3,16,4
White and Other Male,8,4,8,4,8,4,8,4,8,4,8,4,8,2,9,7,8,5
White and Other Male,10,5,10,6,10,5,10,5,10,5,10,5,21,26,10,4,11,5
White and Other Male,14,4,14,4,14,4,14,4,14,4,14,4,15,4,14,6,14,7
Black Male,3,1,3,1,3,1,9,3,4,1,17,2,11,1,3,2,3,1
Black Female,13,1,13,1,13,1,13,2,13,1,15,1,14,1,14,1,13,1
Black Female,3,3,3,3,3,3,3,3,3,3,4,4,3,3,4,3,3,3
Hispanic Male,21,4,21,4,21,4,21,4,21,4,21,6,21,4,21,4,21,4
White and Other Male,15,4,15,5,15,4,15,4,15,4,15,4,16,5,15,5,15,3
White and Other Female,9,8,9,9,9,8,9,7,9,8,9,8,9,8,9,7,9,7
White and Other Male,17,5,17,5,17,5,17,5,17,5,17,5,17,5,17,3,17,5
White and Other Female,4,4,4,3,4,4,4,4,4,4,4,4,4,4,4,4,4,4
White and Other Female,10,5,10,5,10,5,10,5,10,5,10,5,10,5,10,6,10,6
White and Other Male,17,6,21,26,17,6,17,6,17,6,17,6,17,6,17,4,17,6
White and Other Female,7,6,7,6,7,6,7,6,7,6,7,6,7,6,8,7,7,4
White and Other Male,9,5,9,4,9,5,9,5,9,5,9,5,9,4,9,8,9,5
White and Other Female,11,3,11,5,11,3,11,3,11,3,11,3,11,3,12,3,11,4
Black Female,14,1,14,1,14,1,14,1,14,1,15,2,14,2,14,2,15,1
White and Other Male,9,6,9,5,9,6,9,6,9,6,9,6,9,5,11,4,10,4
White and Other Female,9,9,9,10,9,9,9,8,9,9,9,9,9,9,9,8,9,8
White and Other Female,7,7,7,7,7,7,7,7,7,7,7,7,7,7,7,3,7,5
White and Other Male,21,25,21,27,21,25,21,25,21,25,21,25,21,27,21,25,21,26
White and Other Male,9,7,9,6,9,7,9,7,9,7,9,7,9,6,9,9,9,6
Black Female,7,3,7,3,7,3,7,2,7,3,6,1,7,4,8,3,7,4
White and Other Female,3,4,3,3,3,4,3,4,3,4,3,4,3,4,3,4,3,4
Black Male,10,1,17,1,10,1,10,1,10,1,15,3,11,2,10,1,10,2
Black Male,6,5,6,4,6,5,6,4,6,7,14,2,6,4,6,5,6,6
White and Other Female,3,5,3,4,3,5,3,5,3,5,3,5,11,4,3,5,3,5
White and Other Male,19,2,19,2,19,2,19,2,19,2,19,2,19,2,19,3,19,3
White and Other Male,4,2,4,2,4,2,4,2,4,2,4,2,5,3,5,3,4,1
White and Other Female,4,5,4,4,4,5,4,5,4,5,4,5,4,5,4,5,4,5
White and Other Male,11,5,11,5,11,5,11,5,11,5,11,5,11,6,11,5,12,6
White and Other Female,5,4,5,2,5,4,5,4,5,4,5,4,5,4,5,4,5,4
White and Other Female,8,6,8,7,8,6,8,6,8,6,8,6,8,5,8,8,8,7
Black Male,13,2,13,2,13,2,13,2,14,2,21,5,13,1,14,2,14,1
Black Male,10,2,10,2,10,2,10,2,10,2,21,6,10,4,11,2,10,3
White and Other Female,13,4,13,4,13,4,13,4,13,4,13,4,13,3,13,5,13,2
White and Other Female,13,5,13,5,13,5,13,5,13,5,13,5,13,4,14,3,13,3
White and Other Female,9,10,9,11,9,10,12,6,9,10,9,10,9,10,9,9,9,9
White and Other Female,3,6,3,5,3,6,3,6,3,6,3,6,3,5,4,6,4,6
White and Other Female,19,2,19,2,19,2,19,2,19,2,19,2,19,2,19,2,19,3
White and Other Female,12,5,12,5,12,5,12,7,12,5,12,5,12,6,12,4,12,5
White and Other Male,12,7,12,7,12,7,12,7,12,7,12,7,12,9,14,7,12,7
White and Other Male,17,7,17,6,17,7,17,7,17,7,17,7,17,7,17,5,17,7
White and Other Female,21,13,21,13,21,13,21,13,21,13,21,13,21,14,21,13,21,15
White and Other Female,12,6,12,6,12,6,12,8,12,6,12,6,12,7,12,5,12,6
White and Other Male,19,3,19,3,19,3,19,3,19,3,19,3,19,3,19,4,19,4
White and Other Male,21,26,21,28,21,26,21,26,21,26,21,26,21,28,21,26,21,27
White and Other Female,5,5,5,3,5,5,5,5,5,5,5,5,5,5,5,5,5,5
White and Other Female,8,7,8,8,8,7,13,6,8,7,8,7,8,6,9,10,8,8
White and Other Female,3,7,3,6,3,7,3,7,3,7,3,7,3,6,3,6,3,6
Hispanic Female,8,2,8,2,8,2,8,2,8,2,6,2,13,2,8,2,8,1
Hispanic Male,1,1,1,1,1,1,1,1,1,1,1,1,1,1,1,1,1,1
White and Other Male,14,5,14,5,14,5,16,5,14,5,14,5,14,4,14,8,15,4
White and Other Male,9,8,9,7,9,8,9,8,9,8,9,8,11,7,11,6,10,5
Hispanic Male,11,1,11,1,11,1,11,1,11,1,14,3,11,1,12,1,11,1
White and Other Female,16,5,16,5,16,5,16,5,16,5,16,5,16,5,16,4,16,5
White and Other Male,16,5,16,5,16,5,16,6,16,5,16,5,16,6,17,6,16,6
White and Other Male,11,6,11,6,11,6,11,6,11,6,11,6,12,10,13,7,12,8
White and Other Male,16,6,16,6,16,6,16,7,16,6,16,6,16,7,16,5,16,7
White and Other Male,21,27,21,29,21,27,21,27,21,27,21,27,21,29,21,27,21,28
Black Male,5,6,5,5,5,6,5,5,5,3,14,3,9,2,6,6,5,6
White and Other Female,9,11,9,12,9,11,12,9,9,11,9,11,9,11,10,7,9,10
White and Other Female,21,14,21,14,21,14,21,14,21,14,21,14,21,15,21,14,21,16
White and Other Male,21,28,21,30,21,28,21,28,21,28,21,28,21,30,21,28,21,29
White and Other Female,9,12,9,13,9,12,9,9,9,12,9,12,9,12,10,8,9,11
White and Other Female,6,3,6,3,6,3,6,3,6,3,6,3,6,3,8,9,7,6
White and Other Male,21,29,21,31,21,29,21,29,21,29,21,29,21,31,21,29,21,30
White and Other Female,21,15,21,15,21,15,21,15,21,15,21,15,21,16,21,15,21,17
Hispanic Male,9,1,9,1,9,1,9,1,9,1,18,1,9,1,9,1,9,1
White and Other Female,13,6,13,6,13,6,13,7,13,6,13,6,13,5,13,6,13,4
White and Other Female,13,7,13,7,13,7,13,8,13,7,13,7,13,6,15,5,14,5
White and Other Male,3,1,3,1,3,1,3,1,3,1,3,1,4,2,4,2,3,1
White and Other Female,17,2,17,2,17,2,17,2,17,2,17,2,17,2,17,3,17,2
White and Other Male,17,8,17,7,17,8,17,8,17,8,17,8,17,8,17,7,17,8
White and Other Female,21,16,21,16,21,16,21,16,21,16,21,16,21,17,21,16,21,18
White and Other Female,11,4,11,6,11,4,11,4,11,4,11,4,11,5,11,4,11,5
White and Other Male,21,30,21,32,21,30,21,30,21,30,21,30,21,32,21,30,21,31
White and Other Male,21,31,21,33,21,31,21,31,21,31,21,31,21,33,21,31,21,32
White and Other Female,21,17,21,17,21,17,21,17,21,17,21,17,21,18,21,17,21,19
White and Other Female,4,6,4,5,4,6,4,6,4,6,4,6,4,6,4,7,4,7
White and Other Female,21,18,21,18,21,18,21,18,21,18,21,18,21,19,21,18,21,20
White and Other Male,21,32,21,34,21,32,21,32,21,32,21,32,21,34,21,32,21,33
Black Male,13,3,13,3,13,3,13,3,14,3,20,2,14,3,13,1,14,2
White and Other Male,21,33,21,35,21,33,21,33,21,33,21,33,21,35,21,33,21,34
White and Other Female,11,5,11,7,11,5,11,5,11,5,11,5,11,6,12,6,11,6
White and Other Female,11,6,11,8,11,6,11,6,11,6,11,6,11,7,11,5,11,7
White and Other Male,13,7,13,7,13,7,13,7,13,7,13,7,13,7,15,6,14,8
White and Other Male,6,2,6,2,6,2,6,2,6,2,6,2,6,4,6,3,7,3
White and Other Female,21,19,21,19,21,19,21,19,21,19,21,19,21,20,21,19,21,21
White and Other Male,20,3,20,3,21,34,20,3,20,3,20,3,20,3,20,4,20,2
White and Other Male,13,8,13,8,13,8,13,8,13,8,13,8,13,8,13,8,13,4
White and Other Male,12,8,12,8,12,8,12,8,12,8,12,8,13,9,12,5,14,9
White and Other Male,12,9,12,9,12,9,12,9,12,9,12,9,13,10,12,6,14,10
White and Other Female,21,20,21,20,21,20,21,20,21,20,21,20,21,21,21,20,21,22
White and Other Female,15,2,15,2,15,2,15,2,15,2,15,2,15,2,15,6,15,2
Black Female,8,2,8,3,8,2,8,2,8,2,11,2,8,2,8,4,8,2
White and Other Male,19,4,19,4,19,4,19,4,19,4,19,4,19,4,19,5,19,5
Black Male,12,1,12,1,12,1,12,1,12,1,20,3,12,1,12,1,12,1
White and Other Male,8,5,8,5,8,5,8,5,8,5,8,5,8,3,8,2,8,6
Black Female,5,1,5,1,5,1,6,2,5,1,7,2,5,1,5,2,5,1
White and Other Female,12,7,12,7,12,7,12,10,12,7,12,7,12,8,12,7,13,5
White and Other Female,7,8,7,8,7,8,11,7,7,8,7,8,7,8,7,4,7,7
White and Other Female,7,9,7,9,7,9,7,8,7,9,7,9,7,9,7,5,7,8
White and Other Male,21,34,21,36,21,35,21,34,21,34,21,34,21,36,21,34,21,35
White and Other Male,9,9,9,8,9,9,9,9,9,9,9,9,11,8,11,7,10,6
White and Other Male,11,7,11,7,11,7,11,7,11,7,11,7,11,9,12,7,11,6
White and Other Male,21,35,21,37,21,36,21,35,21,35,21,35,21,37,21,35,21,36
White and Other Female,11,7,11,9,11,7,11,8,11,7,11,7,11,8,12,8,11,8
Black Female,3,4,3,4,3,4,3,4,3,4,4,5,4,3,3,3,3,4
White and Other Male,11,8,11,8,11,8,11,8,11,8,11,8,12,11,11,8,12,9
White and Other Female,6,4,6,4,6,4,6,4,6,4,6,4,6,4,7,6,6,3
White and Other Male,20,4,20,4,20,3,20,4,20,4,20,4,20,4,20,5,21,37
White and Other Male,21,36,21,38,21,37,21,36,21,36,21,36,21,38,21,36,21,38
White and Other Female,4,7,4,6,4,7,4,7,4,7,4,7,4,7,4,8,4,8
White and Other Male,12,10,12,10,12,10,12,10,12,10,12,10,12,12,14,9,13,5
White and Other Female,12,8,12,8,12,8,12,11,12,8,12,8,12,9,13,7,12,7
White and Other Male,11,9,11,9,11,9,11,9,11,9,11,9,12,13,11,9,11,7
White and Other Male,19,5,19,5,19,5,19,5,19,5,19,5,19,5,19,6,19,6
White and Other Male,21,37,21,39,21,38,21,37,21,37,21,37,21,39,21,37,21,39
White and Other Female,6,5,6,5,6,5,6,5,6,5,6,5,6,5,6,3,6,4
White and Other Male,20,5,20,5,20,4,20,5,20,5,20,5,20,5,21,38,20,3
White and Other Male,17,9,17,8,17,9,17,9,17,9,17,9,17,9,17,8,17,9
White and Other Male,13,9,13,9,13,9,13,9,13,9,13,9,15,5,15,7,14,11
White and Other Male,11,10,11,10,11,10,11,10,11,10,11,10,11,10,13,9,12,10
White and Other Male,16,7,16,7,16,7,16,8,16,7,16,7,16,8,16,6,16,8
White and Other Male,21,38,21,40,21,39,21,38,21,38,21,38,21,40,21,39,21,40
White and Other Male,20,6,20,6,20,5,20,6,20,6,20,6,20,6,20,6,21,41
White and Other Male,7,3,7,1,7,3,7,3,7,3,7,3,7,3,7,3,8,7
White and Other Male,17,10,17,9,17,10,17,10,17,10,17,10,17,10,17,9,17,10
White and Other Male,16,8,16,8,16,8,16,9,16,8,16,8,16,9,18,4,17,11
White and Other Male,21,39,21,41,21,40,21,39,21,39,21,39,21,41,21,40,21,42
White and Other Female,4,8,4,7,4,8,4,8,4,8,4,8,4,8,4,9,4,9
White and Other Female,21,21,21,21,21,21,21,21,21,21,21,21,21,22,21,21,21,23
White and Other Male,8,6,13,10,8,6,8,6,8,6,8,6,8,4,8,3,9,7
White and Other Female,9,13,9,14,9,13,9,10,9,13,9,13,9,13,9,11,9,12
White and Other Male,21,40,21,42,21,41,21,40,21,40,21,40,21,42,21,41,21,43
White and Other Male,21,41,21,43,21,42,21,41,21,41,21,41,21,43,21,42,21,44
White and Other Male,7,4,7,2,7,4,7,4,7,4,7,4,7,4,9,10,8,8
White and Other Male,6,3,6,3,6,3,6,3,6,3,6,3,6,5,6,4,6,3
White and Other Male,6,4,7,3,6,4,6,4,6,4,6,4,6,6,6,5,6,4
White and Other Female,3,8,3,7,3,8,3,8,3,8,3,8,3,7,3,7,3,7
White and Other Male,21,42,21,44,21,43,21,42,21,42,21,42,21,44,21,43,21,45
White and Other Female,17,3,17,3,17,3,17,3,17,3,17,3,17,3,17,4,17,3
White and Other Female,3,9,14,4,3,9,3,9,3,9,3,9,3,8,4,10,3,8
White and Other Female,18,7,18,7,18,7,18,7,18,7,18,7,18,7,20,5,19,4
White and Other Male,15,5,15,6,15,5,15,5,15,5,15,5,15,6,16,7,15,5
White and Other Female,20,4,20,4,20,4,20,4,20,4,20,4,20,4,21,22,20,3
White and Other Female,10,6,10,6,10,6,10,6,10,6,10,6,10,6,10,9,10,7
White and Other Female,17,4,17,4,17,4,17,4,17,4,17,4,17,4,17,5,17,4
Hispanic Male,15,4,15,4,15,4,15,4,15,4,18,2,16,2,15,3,16,3
Black Female,11,4,11,4,11,3,11,3,11,4,13,2,11,5,12,1,11,4
Hispanic Female,6,8,6,8,6,8,6,6,6,8,7,3,6,6,6,8,6,7
Hispanic Female,10,1,10,1,10,1,10,1,10,1,11,2,10,1,10,1,10,1
Black Male,5,7,5,6,5,7,5,6,5,4,15,4,5,5,5,6,5,7
Black Male,4,2,4,2,4,2,4,2,4,2,9,1,4,1,4,1,4,1
Black Male,7,1,7,1,7,1,7,1,7,2,13,3,7,1,7,2,7,1
Black Female,8,3,8,4,8,3,8,3,8,3,10,2,8,3,8,5,8,3
Hispanic Female,7,2,7,2,7,2,7,2,7,2,13,2,8,2,8,3,7,3
White and Other Male,21,43,21,45,21,44,21,43,21,43,21,43,21,45,21,44,21,46
White and Other Female,6,6,6,6,6,6,6,6,6,6,6,6,6,6,6,4,6,5
Black Female,9,2,9,2,9,2,9,1,9,2,11,3,9,2,9,2,9,1
Hispanic Male,12,2,12,2,12,2,12,2,12,2,19,3,12,2,12,2,13,1
Hispanic Female,6,9,6,9,6,9,6,7,6,9,4,1,6,7,6,9,6,8
Hispanic Male,21,5,21,5,21,5,21,5,21,5,21,7,21,5,21,5,21,5
White and Other Male,15,6,15,7,15,6,15,6,15,6,15,6,15,7,15,8,15,6
Hispanic Male,20,1,21,6,20,1,20,1,20,1,21,8,20,1,20,2,21,6
Hispanic Male,13,1,13,1,13,1,13,1,13,1,17,1,13,1,13,2,14,1
White and Other Female,13,8,13,8,21,22,13,9,13,8,13,8,14,4,13,8,13,6
Black Female,9,3,9,3,9,3,9,2,9,3,8,4,9,3,9,3,9,2
Black Female,5,2,5,2,5,2,5,1,5,2,5,2,5,2,5,3,5,2
Black Female,8,4,8,5,8,4,8,4,8,4,7,3,8,4,8,6,8,4
White and Other Female,9,14,9,15,9,14,9,11,9,14,9,14,9,14,11,6,10,8
White and Other Female,13,9,13,9,13,8,13,10,13,9,13,9,13,7,13,9,13,7
Hispanic Female,2,1,2,1,2,1,2,1,2,1,4,2,2,2,2,1,2,1
Hispanic Male,13,2,13,2,13,2,13,2,13,2,17,2,13,2,13,3,13,2
White and Other Female,11,8,11,10,11,8,11,9,11,8,11,8,11,9,13,10,12,8
White and Other Female,17,5,17,5,17,5,17,5,17,5,17,5,17,5,17,6,17,5
White and Other Male,17,11,17,10,17,11,17,11,17,11,17,11,17,11,18,5,17,12
White and Other Male,21,44,21,46,21,45,21,44,21,44,21,44,21,46,21,45,21,47
Hispanic Female,10,2,10,2,10,2,10,2,10,2,18,2,11,5,11,4,11,5
White and Other Female,11,9,11,11,11,9,11,10,11,9,11,9,11,10,11,7,12,9
White and Other Female,9,15,9,16,9,15,9,12,9,15,9,15,9,15,9,12,9,13
White and Other Female,13,10,13,10,13,9,13,11,13,10,13,10,13,8,14,4,13,8
White and Other Male,21,45,21,47,21,46,21,45,21,45,21,45,21,47,21,46,21,48
White and Other Female,3,10,3,8,3,10,3,10,3,10,3,10,3,9,3,8,3,9
White and Other Female,12,9,12,9,12,9,12,12,12,9,12,9,12,10,12,9,12,10
White and Other Male,18,2,18,2,18,2,18,2,18,2,18,2,18,2,18,6,19,7
White and Other Male,10,6,10,7,10,6,10,6,10,6,10,6,10,4,12,8,11,8
White and Other Female,3,11,3,9,3,11,3,11,3,11,3,11,3,10,3,9,3,10
White and Other Male,12,11,12,11,12,11,12,11,12,11,12,11,12,14,12,9,12,11
White and Other Female,12,10,12,10,12,10,12,13,12,10,12,10,13,9,13,11,13,9
White and Other Male,14,6,14,6,14,6,14,5,14,6,14,6,14,5,14,10,14,12
White and Other Male,11,11,16,9,11,11,11,11,11,11,11,11,11,11,11,10,12,12
White and Other Female,15,3,15,3,15,3,15,3,15,3,15,3,15,3,16,5,15,3
Black Female,4,4,4,3,4,4,4,4,4,4,4,6,4,4,4,4,4,4
White and Other Male,21,46,21,48,21,47,21,46,21,46,21,46,21,48,21,47,21,49
White and Other Male,13,10,13,11,13,10,13,10,13,10,13,10,20,7,13,10,14,13
White and Other Male,21,47,21,49,21,48,21,47,21,47,21,47,21,49,21,48,21,50
White and Other Female,7,10,7,10,7,10,7,9,7,10,7,10,7,10,8,10,7,9
White and Other Male,10,7,10,8,10,7,10,7,10,7,10,7,10,5,10,5,11,9
Hispanic Male,14,1,14,1,14,1,14,1,14,1,17,3,14,1,16,1,14,2
White and Other Female,21,22,21,22,21,23,21,22,21,22,21,22,21,23,21,23,21,24
White and Other Female,8,8,8,9,8,8,8,7,8,8,8,8,8,7,8,11,8,9
Black Male,21,1,21,1,21,1,21,1,21,2,21,7,21,2,21,1,21,1
White and Other Female,18,8,18,8,18,8,18,8,18,8,18,8,18,8,18,6,18,6
White and Other Female,7,11,7,11,7,11,7,10,7,11,7,11,7,11,7,7,7,10
White and Other Male,9,10,9,9,9,10,9,10,9,10,9,10,9,7,9,11,10,7
White and Other Male,10,8,10,9,10,8,10,8,10,8,10,8,10,6,12,10,11,10
White and Other Female,12,11,12,11,12,11,12,14,12,11,12,11,12,11,12,10,12,11
White and Other Male,21,48,21,50,21,49,21,48,21,48,21,48,21,50,21,49,21,51
White and Other Female,6,7,6,7,6,7,6,7,6,7,6,7,6,7,7,8,6,6
White and Other Female,18,9,18,9,18,9,18,9,18,9,18,9,18,9,18,7,19,5
White and Other Female,11,10,11,12,11,10,11,11,11,10,11,10,11,11,11,8,12,12
White and Other Male,19,6,19,6,19,6,19,6,19,6,19,6,19,6,19,7,19,8
White and Other Male,13,11,13,12,13,11,13,11,13,11,13,11,13,11,13,11,14,14
White and Other Female,10,7,10,7,10,7,10,7,10,7,10,7,10,7,10,10,10,9
White and Other Female,8,9,8,10,16,6,8,8,8,9,8,9,8,8,9,13,8,10
White and Other Female,8,10,8,11,8,9,8,9,8,10,8,10,17,6,9,14,9,14
White and Other Male,8,7,15,8,8,7,8,7,8,7,8,7,8,5,10,6,9,8
White and Other Female,6,8,6,8,6,8,6,8,6,8,6,8,6,8,7,9,6,7
White and Other Female,21,23,21,23,21,24,21,23,21,23,21,23,21,24,21,24,21,25
Hispanic Female,14,1,14,2,14,1,14,1,14,1,19,2,15,2,16,1,14,1
White and Other Male,21,49,21,51,21,50,21,49,21,49,21,49,21,51,21,50,21,52
White and Other Female,9,16,9,17,9,16,9,13,9,16,9,16,10,8,10,11,10,10
White and Other Female,21,24,21,24,21,25,21,24,21,24,21,24,21,25,21,25,21,26
White and Other Male,18,3,18,3,18,3,18,3,18,3,18,3,18,3,20,7,19,9
White and Other Female,3,12,3,10,3,12,3,12,3,12,3,12,3,11,3,10,3,11
White and Other Female,13,11,13,11,13,10,13,12,13,11,13,11,13,10,13,12,13,10
White and Other Female,10,8,10,8,10,8,10,8,10,8,10,8,10,9,10,12,10,11
White and Other Female,17,6,17,6,17,6,17,6,17,6,17,6,17,7,17,7,17,6
White and Other Female,12,12,12,12,12,12,12,15,12,12,12,12,12,12,13,13,12,13
White and Other Female,12,13,12,13,12,13,12,16,12,13,12,13,12,13,12,11,12,14
Black Male,7,2,7,2,7,2,7,2,8,2,14,4,8,1,8,2,7,2
White and Other Female,15,4,15,4,15,4,15,4,15,4,15,4,15,4,16,6,15,4
White and Other Female,21,25,21,25,21,26,21,25,21,25,21,25,21,26,21,26,21,27
White and Other Female,3,13,3,11,3,13,3,13,3,13,3,13,3,12,3,11,3,12
White and Other Female,19,3,19,3,19,3,19,3,19,3,19,3,19,3,19,3,19,6
White and Other Male,14,7,14,7,14,7,14,6,14,7,14,7,14,6,14,11,14,15
White and Other Male,7,5,7,4,7,5,7,5,7,5,7,5,7,5,8,4,7,4
White and Other Male,19,7,19,7,19,7,19,7,19,7,19,7,19,7,20,8,19,10
White and Other Male,21,50,21,52,21,51,21,50,21,50,21,50,21,52,21,51,21,53
White and Other Female,19,4,19,4,19,4,19,4,19,4,19,4,19,4,19,4,19,7
White and Other Male,21,51,21,53,21,52,21,51,21,51,21,51,21,53,21,52,21,54
White and Other Female,7,12,7,12,7,12,7,11,7,12,7,12,7,12,7,10,7,11
White and Other Female,21,26,21,26,21,27,21,26,21,26,21,26,21,27,21,27,21,28
White and Other Male,21,52,21,54,21,53,21,52,21,52,21,52,21,54,21,53,21,55
White and Other Male,18,4,18,4,18,4,18,4,18,4,18,4,18,4,18,7,18,3
White and Other Female,4,9,4,8,4,9,4,9,4,9,4,9,4,9,4,11,4,10
White and Other Male,21,53,21,55,21,54,21,53,21,53,21,53,21,55,21,54,21,56
White and Other Female,17,7,17,7,17,7,17,7,17,7,17,7,17,8,17,8,18,7
White and Other Female,21,27,21,27,21,28,21,27,21,27,21,27,21,28,21,28,21,29
White and Other Male,21,54,21,56,21,55,21,54,21,54,21,54,21,56,21,55,21,57
White and Other Male,12,12,12,12,12,12,12,12,12,12,12,12,12,15,14,12,13,6
White and Other Female,8,11,8,12,8,10,8,10,8,11,8,11,8,9,9,15,8,11
White and Other Female,3,14,3,12,3,14,3,14,3,14,3,14,3,13,3,12,3,13
White and Other Female,6,9,6,9,6,9,6,9,6,9,6,9,8,10,6,5,6,8
White and Other Female,6,10,6,10,6,10,6,10,6,10,6,10,8,11,6,6,6,9
Black Female,10,3,10,3,10,3,12,1,10,3,10,3,10,2,11,4,10,4
Black Female,5,3,10,4,5,3,5,2,5,3,6,2,5,3,5,4,5,3
Black Female,16,1,16,1,16,1,16,1,16,1,17,1,17,1,16,1,16,1
Black Male,7,3,7,3,7,3,7,3,7,3,14,5,8,2,8,3,7,3
White and Other Male,13,12,13,13,13,12,13,12,13,12,13,12,13,12,13,12,13,7
White and Other Female,20,5,20,5,20,5,20,5,20,5,20,5,20,5,20,6,20,4
White and Other Female,21,28,21,28,21,29,21,28,21,28,21,28,21,29,21,29,21,30
White and Other Male,21,55,21,57,21,56,21,55,21,55,21,55,21,57,21,56,21,58
White and Other Male,21,56,21,58,21,57,21,56,21,56,21,56,21,58,21,57,21,59
White and Other Female,2,1,2,1,2,1,2,1,2,1,2,1,2,1,2,1,2,1
White and Other Female,7,13,7,13,7,13,7,12,7,13,7,13,7,13,8,12,7,12
White and Other Female,17,8,17,8,17,8,17,8,17,8,17,8,17,9,17,9,17,7
White and Other Male,21,57,21,59,21,58,21,57,21,57,21,57,21,59,21,58,21,60
White and Other Female,6,11,6,11,6,11,6,11,6,11,6,11,6,9,6,7,7,13
White and Other Female,21,29,21,29,21,30,21,29,21,29,21,29,21,30,21,30,21,31
White and Other Female,21,30,21,30,21,31,21,30,21,30,21,30,21,31,21,31,21,32
White and Other Male,14,8,14,8,14,8,14,7,14,8,14,8,14,7,14,13,14,16
White and Other Male,12,13,12,13,12,13,12,13,12,13,12,13,12,16,12,11,13,8
White and Other Male,11,12,11,11,11,12,11,12,11,12,11,12,11,12,11,11,12,13
White and Other Female,7,14,7,14,7,14,7,13,7,14,7,14,7,14,8,13,7,14
White and Other Male,21,58,21,60,21,59,21,58,21,58,21,58,21,60,21,59,21,61
White and Other Male,10,9,14,9,10,9,10,9,10,9,10,9,14,8,11,12,10,8
White and Other Male,9,11,9,10,9,11,9,11,9,11,9,11,13,13,9,12,9,9
White and Other Female,4,10,4,9,4,10,4,10,4,10,4,10,4,10,4,12,4,11
White and Other Male,15,7,15,9,15,7,15,7,15,7,15,7,15,8,16,8,15,7
White and Other Male,7,6,7,5,7,6,7,6,7,6,7,6,9,8,8,5,7,5
White and Other Female,8,12,8,13,8,11,8,11,8,12,8,12,9,16,8,14,8,12
White and Other Female,3,15,8,14,3,15,3,15,3,15,3,15,3,14,4,13,3,14
White and Other Male,18,5,18,5,21,60,18,5,18,5,18,5,18,5,20,9,19,11
White and Other Female,12,14,12,14,12,14,12,17,12,14,12,14,13,11,13,14,13,11
White and Other Female,12,15,12,15,12,15,12,18,12,15,12,15,13,12,13,15,13,12
White and Other Male,18,6,18,6,18,5,18,6,18,6,18,6,18,6,18,8,18,4
White and Other Female,4,11,4,10,4,11,4,11,4,11,4,11,4,11,4,14,4,12
White and Other Female,21,31,21,31,21,32,21,31,21,31,21,31,21,32,21,32,21,33
White and Other Female,21,32,21,32,21,33,21,32,21,32,21,32,21,33,21,33,21,34
White and Other Male,21,59,21,61,21,61,21,59,21,59,21,59,21,61,21,60,21,62
Hispanic Male,21,6,21,7,21,6,21,6,21,6,21,9,21,6,21,6,21,7
White and Other Male,10,10,10,10,10,10,10,10,10,10,10,10,10,7,11,13,10,9
White and Other Male,16,9,16,10,16,9,16,10,16,9,16,9,16,10,16,9,16,9
White and Other Female,12,16,12,16,12,16,12,19,12,16,12,16,12,14,14,5,13,13
White and Other Male,21,60,21,62,21,62,21,60,21,60,21,60,21,62,21,61,21,63
White and Other Female,17,9,17,9,17,9,17,9,17,9,17,9,17,10,17,10,17,8
White and Other Male,14,9,14,10,14,9,16,11,14,9,14,9,14,9,14,14,14,17
White and Other Female,7,15,7,15,7,15,7,14,7,15,7,15,12,15,7,11,7,15
Black Female,8,5,18,2,8,5,8,5,8,5,8,5,18,2,8,7,8,5
White and Other Male,8,8,8,6,8,8,8,8,8,8,8,8,8,6,9,13,8,9
White and Other Male,8,9,8,7,8,9,8,9,8,9,8,9,8,7,8,6,8,10
White and Other Male,13,13,13,14,13,13,13,13,13,13,13,13,13,14,15,9,14,18
White and Other Male,9,12,9,11,9,12,9,12,9,12,9,12,9,9,10,7,9,10
White and Other Female,9,17,9,18,9,17,9,14,9,17,9,17,9,17,10,13,9,15
White and Other Female,15,5,15,5,15,5,15,5,15,5,15,5,17,11,15,7,15,5
White and Other Male,21,61,21,63,21,63,21,61,21,61,21,61,21,63,21,62,21,64
White and Other Male,20,7,20,7,20,6,20,7,20,7,20,7,20,8,20,10,21,65
White and Other Male,9,13,14,11,9,13,9,13,9,13,9,13,9,10,9,14,10,10
White and Other Male,21,62,21,64,21,64,21,62,21,62,21,62,21,64,21,63,21,66
White and Other Male,21,63,21,65,21,65,21,63,21,63,21,63,21,65,21,64,21,67
Black Male,2,2,2,2,2,2,2,2,8,3,15,5,9,3,3,3,2,2
White and Other Male,21,64,21,66,21,66,21,64,21,64,21,64,21,66,21,65,21,68
White and Other Female,19,5,19,5,19,5,19,5,19,5,19,5,19,5,19,5,19,8
White and Other Female,20,6,20,6,20,6,20,6,20,6,20,6,20,6,20,7,20,5
White and Other Female,21,33,21,33,21,34,21,33,21,33,21,33,21,34,21,34,21,35
White and Other Female,15,6,15,6,15,6,15,6,15,6,15,6,15,5,15,8,15,6
Hispanic Male,4,1,4,1,4,1,4,1,4,1,3,1,4,1,4,1,4,1
Hispanic Male,8,1,8,1,8,1,8,1,8,1,10,1,8,2,8,2,8,2
White and Other Male,11,13,11,12,11,13,11,13,11,13,11,13,12,17,11,14,12,14
White and Other Male,21,65,21,67,21,67,21,65,21,65,21,65,21,67,21,66,21,69
White and Other Female,13,12,13,12,13,11,13,13,13,12,13,12,13,13,13,16,13,14
Black Female,7,4,7,4,7,4,9,3,7,4,8,6,7,5,8,8,8,6
White and Other Male,21,66,21,68,21,68,21,66,21,66,21,66,21,68,21,67,21,70
White and Other Female,11,11,11,13,11,11,11,12,11,11,11,11,11,12,11,9,11,9
Hispanic Male,21,7,21,8,21,7,21,7,21,7,21,10,21,7,21,7,21,8
White and Other Male,17,12,17,11,17,12,17,12,17,12,17,12,17,12,17,10,17,13
Hispanic Male,12,3,12,3,21,8,12,3,12,3,14,4,12,3,14,1,12,2
White and Other Male,13,14,13,15,13,14,13,14,13,14,13,14,13,15,13,13,13,9
White and Other Male,21,67,21,69,21,69,21,67,21,67,21,67,21,69,21,68,21,71
White and Other Female,21,34,21,34,21,35,21,34,21,34,21,34,21,35,21,35,21,36
Black Male,3,2,3,2,3,2,3,1,3,1,19,1,4,2,4,2,3,2
White and Other Male,13,15,13,16,13,15,16,12,13,15,13,15,13,16,15,10,14,19
White and Other Male,12,14,12,14,12,14,12,14,12,14,12,14,12,18,13,14,12,15
White and Other Male,21,68,21,70,21,70,21,68,21,68,21,68,21,70,21,69,21,72
White and Other Male,21,69,21,71,21,71,21,69,21,69,21,69,21,71,21,70,21,73
Hispanic Male,21,8,21,9,21,9,21,8,21,8,21,11,21,8,21,8,21,9
White and Other Female,8,13,8,15,8,12,8,12,8,13,8,13,8,12,8,15,8,13
White and Other Male,21,70,21,72,21,72,21,70,21,70,21,70,21,72,21,71,21,74
White and Other Male,20,8,20,8,20,7,20,8,20,8,20,8,20,9,21,72,20,4
Black Female,8,6,8,6,8,6,8,6,8,6,5,3,8,5,8,9,8,7
Black Female,9,4,9,4,9,4,9,4,9,4,9,2,10,3,10,3,9,3
White and Other Male,21,71,21,73,21,73,21,71,21,71,21,71,21,73,21,73,21,75
White and Other Female,10,9,10,9,10,9,10,9,10,9,10,9,11,13,10,14,10,12
Black Male,13,4,13,4,13,4,13,4,13,1,21,8,13,2,14,3,13,2
White and Other Female,4,12,4,11,4,12,4,12,4,12,4,12,4,12,4,15,4,13
Hispanic Male,12,4,12,4,12,3,12,4,12,4,13,2,12,4,14,2,12,3
Black Female,3,5,3,5,3,5,3,5,3,5,3,2,3,4,3,4,3,5
White and Other Female,21,35,21,35,21,36,21,35,21,35,21,35,21,36,21,36,21,37
Black Male,12,2,12,2,12,2,12,2,12,2,21,9,12,2,12,2,12,2
White and Other Male,11,14,11,13,11,14,11,14,11,14,11,14,11,13,11,15,12,16
Hispanic Female,8,3,8,3,8,3,8,3,8,3,10,2,12,2,9,3,8,2
Black Male,6,6,6,5,6,6,6,5,6,8,14,6,6,5,7,3,6,7
White and Other Female,8,14,8,16,8,13,8,13,8,14,8,14,8,13,8,16,8,14
White and Other Female,7,16,7,16,7,16,7,15,7,16,7,16,7,15,8,17,7,16
White and Other Male,7,7,7,6,7,7,7,7,7,7,7,7,7,6,7,4,8,11
White and Other Female,21,36,21,36,21,37,21,36,21,36,21,36,21,37,21,37,21,38
Black Male,5,8,5,7,5,8,5,7,8,4,13,4,10,5,5,7,5,8
Black Male,8,2,8,2,8,2,8,1,8,5,16,3,8,3,8,4,8,2
White and Other Male,12,15,12,15,12,15,12,15,12,15,12,15,12,19,14,15,13,10
White and Other Male,21,72,21,74,21,74,21,72,21,72,21,72,21,74,21,74,21,76
White and Other Male,13,16,13,17,13,16,13,15,13,16,13,16,14,10,15,11,14,20
White and Other Male,5,5,5,5,5,5,5,5,5,5,5,5,5,4,7,5,6,5
White and Other Female,17,10,17,10,17,10,17,10,17,10,17,10,17,12,17,11,17,9
White and Other Male,12,16,12,16,12,16,12,16,12,16,12,16,12,20,12,12,12,17
White and Other Female,6,12,6,12,6,12,6,12,6,12,6,12,6,10,6,8,6,10
White and Other Male,17,13,17,12,17,13,17,13,17,13,17,13,18,7,17,11,18,5
White and Other Female,3,16,3,13,3,16,3,16,3,16,3,16,3,15,3,13,3,15
White and Other Female,3,17,3,14,3,17,3,17,3,17,3,17,4,13,3,14,3,16
White and Other Female,4,13,4,12,4,13,4,13,4,13,4,13,4,14,4,16,4,14
White and Other Male,18,7,18,7,18,6,18,7,18,7,18,7,18,8,18,9,20,5
White and Other Male,10,11,10,11,10,11,10,11,10,11,10,11,10,8,10,8,10,11
White and Other Male,9,14,14,12,9,14,9,14,9,14,9,14,11,14,9,15,10,12
White and Other Male,6,5,6,4,6,5,6,5,6,5,6,5,7,7,8,7,7,6
Black Female,19,2,19,2,19,2,19,2,19,2,21,2,19,1,19,2,19,2
White and Other Male,8,10,8,8,8,10,8,10,8,10,8,10,8,8,10,9,9,11
White and Other Female,9,18,9,19,9,18,9,15,9,18,9,18,10,10,11,10,10,13
Black Female,6,2,6,2,6,2,6,3,6,2,7,4,6,1,6,1,6,1
White and Other Female,21,37,21,37,21,38,21,37,21,37,21,37,21,38,21,38,21,39
White and Other Male,12,17,12,17,12,17,12,17,12,17,12,17,12,21,12,13,12,18
Black Female,8,7,8,7,8,7,8,7,8,7,9,3,8,6,9,4,9,4
Black Male,2,3,2,3,2,3,2,3,2,2,8,2,2,2,3,4,2,3
White and Other Male,12,18,12,18,12,18,12,18,12,18,12,18,12,22,12,14,13,11
White and Other Female,21,38,21,38,21,39,21,38,21,38,21,38,21,39,21,39,21,40
White and Other Female,12,17,12,17,12,17,12,20,12,17,12,17,12,16,13,17,12,15
Black Female,9,5,9,5,9,5,10,5,9,5,11,4,9,4,10,4,9,5
Black Male,13,5,13,5,13,5,13,5,13,2,21,10,13,3,13,2,14,3
Black Male,5,9,5,8,5,9,5,8,6,9,14,7,6,6,5,8,5,9
Black Female,7,5,7,5,7,5,7,3,7,5,12,3,7,6,7,3,7,5
Black Female,6,3,6,3,6,3,7,4,6,3,7,5,6,2,6,2,6,2
Black Female,4,5,4,4,4,5,4,5,4,5,4,7,4,5,4,5,4,5
Black Male,7,4,7,4,7,4,7,4,8,6,18,1,8,4,8,5,8,3
Black Female,4,6,4,5,4,6,4,6,4,6,5,4,4,6,4,6,4,6
Black Female,18,2,18,3,18,2,18,2,18,2,19,2,18,3,18,2,18,2
White and Other Female,12,18,12,18,12,18,12,21,12,18,12,18,12,17,12,12,12,16
White and Other Male,6,6,6,5,6,6,6,6,6,6,6,6,6,7,6,6,7,7
White and Other Male,21,73,21,75,21,75,21,73,21,73,21,73,21,75,21,75,21,77
White and Other Female,7,17,7,17,7,17,7,16,7,17,7,17,7,16,8,18,7,17
Black Male,17,1,17,2,17,1,17,1,17,1,21,11,17,1,17,1,18,1
Black Male,17,2,17,3,17,2,17,2,18,1,21,12,18,2,17,2,18,2
Black Male,11,1,11,1,11,1,11,2,11,1,17,3,11,3,12,3,11,1
Black Female,5,4,10,5,5,4,5,3,5,4,5,5,5,4,5,5,5,4
White and Other Male,12,19,12,19,12,19,12,19,12,19,12,19,13,17,14,16,13,12
White and Other Female,5,6,5,4,5,6,5,6,5,6,5,6,5,6,5,6,5,6
White and Other Female,19,6,19,6,19,6,19,6,19,6,19,6,19,6,19,6,19,9
White and Other Male,18,8,18,8,18,7,18,8,18,8,18,8,18,9,18,10,18,6
White and Other Female,6,13,6,13,6,13,6,13,6,13,6,13,6,11,7,12,6,11
White and Other Male,13,17,13,18,13,17,16,13,13,17,13,17,13,18,13,15,14,21
White and Other Male,21,74,21,76,21,76,21,74,21,74,21,74,21,76,21,76,21,78
Black Female,6,4,6,4,6,4,6,4,6,4,11,5,6,3,6,3,6,3
White and Other Male,15,8,15,10,15,8,15,8,15,8,15,8,15,9,15,12,15,8
Black Female,3,6,3,6,3,6,3,6,3,6,3,3,6,4,3,5,3,6
Black Female,6,5,6,5,6,5,6,5,6,5,7,6,6,5,6,4,6,4
Black Female,7,6,7,6,7,6,11,4,7,6,13,3,7,7,7,4,7,6
Black Female,5,5,5,3,5,5,5,4,5,5,6,3,6,6,5,6,5,5
Black Female,7,7,7,7,7,7,7,5,7,7,10,4,7,8,7,5,7,7
Black Female,10,4,10,6,10,4,10,6,10,4,10,5,10,4,11,5,10,5
Black Female,5,6,5,4,5,6,5,5,5,6,6,4,5,5,5,7,5,6
Hispanic Female,3,1,3,1,3,1,3,1,3,1,5,3,4,3,3,1,3,1
Black Male,7,5,7,5,7,5,16,2,8,7,18,2,7,2,8,6,8,4
Black Female,7,8,7,8,7,8,7,6,7,8,6,5,8,7,7,6,7,8
Black Male,5,10,5,9,5,10,5,9,5,5,12,3,5,6,5,9,5,10
Black Male,17,3,17,4,17,3,21,2,17,2,21,13,17,2,17,3,17,1
Hispanic Male,4,2,4,2,4,2,4,2,4,2,7,1,4,2,5,1,4,2
White and Other Male,11,15,11,14,11,15,11,15,11,15,11,15,11,15,11,16,12,19
White and Other Female,6,14,6,14,6,14,6,14,6,14,6,14,6,12,6,9,6,12
White and Other Female,16,6,16,6,19,7,16,6,16,6,16,6,16,6,16,7,16,6
White and Other Male,21,75,21,77,21,77,21,75,21,75,21,75,21,77,21,77,21,79
Hispanic Male,14,2,14,2,14,2,14,2,14,2,20,1,14,2,14,3,15,2
White and Other Female,6,15,6,15,6,15,6,15,6,15,6,15,6,13,7,13,6,13
White and Other Female,8,15,8,17,8,14,8,14,8,15,8,15,8,14,10,15,9,16
Black Male,5,11,5,10,5,11,5,10,6,10,18,3,6,7,5,10,6,8
White and Other Male,13,18,13,19,21,78,13,16,13,18,13,18,13,19,13,16,14,22
White and Other Male,21,76,21,78,21,79,21,76,21,76,21,76,21,78,21,78,21,80
White and Other Female,16,7,16,7,16,7,16,7,16,7,16,7,16,7,16,8,17,10
White and Other Female,5,7,5,5,5,7,5,7,5,7,5,7,5,7,6,10,5,7
White and Other Male,13,19,13,20,13,18,13,17,13,19,13,19,13,20,15,13,13,13
Hispanic Male,12,5,12,5,12,4,18,2,12,5,9,1,12,5,12,3,13,3
White and Other Female,9,19,9,20,9,19,9,16,9,19,9,19,9,18,10,16,9,17
White and Other Male,12,20,12,20,12,20,12,20,12,20,12,20,12,23,14,17,12,20
White and Other Male,21,77,21,79,21,80,21,77,21,77,21,77,21,79,21,79,21,81
Black Male,14,1,14,1,14,1,14,3,14,4,21,14,14,4,14,4,14,4
Black Male,13,6,13,6,13,6,13,6,13,3,21,15,13,4,13,3,13,3
Black Male,3,3,3,3,3,3,3,2,4,3,16,4,3,1,3,5,4,2
White and Other Male,12,21,12,21,12,21,12,21,12,21,12,21,13,21,12,15,14,23
Black Female,8,8,8,8,8,8,9,5,8,8,10,6,9,5,9,5,9,6
Hispanic Female,8,4,8,4,8,4,8,4,8,4,9,2,9,2,9,4,8,3
White and Other Female,7,18,7,18,7,18,7,17,7,18,7,18,7,17,7,14,7,18
Black Male,5,12,5,11,5,12,5,11,5,6,11,1,5,7,5,11,5,11
White and Other Male,12,22,12,22,12,22,12,22,12,22,12,22,12,24,12,16,13,14
Hispanic Male,6,1,6,1,6,1,6,1,6,1,11,1,6,1,8,3,7,3
White and Other Female,21,39,21,39,21,40,21,39,21,39,21,39,21,40,21,40,21,41
Hispanic Female,11,5,11,5,11,5,11,6,11,5,13,3,12,3,11,5,12,3
Black Female,7,9,7,9,14,2,7,7,7,9,11,6,7,9,8,10,7,9
White and Other Male,11,16,11,15,11,16,11,16,11,16,11,16,11,16,11,17,12,21
White and Other Male,21,78,21,80,21,81,21,78,21,78,21,78,21,80,21,80,21,82
Black Male,1,1,1,1,1,1,1,1,1,1,5,1,1,1,1,1,1,1
White and Other Male,21,79,21,81,21,82,21,79,21,79,21,79,21,81,21,81,21,83
White and Other Male,21,80,21,82,21,83,21,80,21,80,21,80,21,82,21,82,21,84
Black Male,12,3,12,3,12,3,12,3,12,3,21,16,12,3,13,4,12,3
Hispanic Male,14,3,14,3,14,3,14,3,14,3,20,2,14,3,14,4,15,3
Hispanic Male,12,6,12,6,12,5,12,5,12,6,21,12,13,3,14,5,13,4
White and Other Male,21,81,21,83,21,84,21,81,21,81,21,81,21,83,21,83,21,85
Hispanic Female,11,6,11,6,11,6,11,7,11,6,17,1,12,4,12,4,11,6
Hispanic Male,10,1,10,1,10,1,10,1,10,1,21,13,10,1,12,4,11,2
Black Female,8,9,8,9,8,9,8,8,8,9,8,7,8,8,9,6,8,8
Hispanic Female,18,1,18,1,18,1,18,1,18,1,19,3,18,1,18,1,18,1
Black Male,2,4,2,4,2,4,2,4,2,3,7,1,2,3,2,1,2,4
Black Female,6,6,6,6,6,6,7,8,6,6,3,4,6,7,7,7,6,5
Hispanic Male,13,3,13,3,13,3,13,3,13,3,15,1,14,4,15,4,14,3
Hispanic Male,14,4,14,4,14,4,14,4,14,4,21,14,14,5,14,6,15,4
Hispanic Female,3,2,3,2,3,2,3,2,3,2,4,3,3,1,3,2,3,2
Hispanic Male,16,1,16,1,16,1,16,1,16,1,21,15,16,3,16,2,18,1
Hispanic Male,4,3,4,3,4,3,4,3,4,3,11,2,5,1,6,1,5,1
White and Other Female,21,40,21,40,21,41,21,40,21,40,21,40,21,41,21,41,21,42
White and Other Female,3,18,3,15,3,18,3,18,3,18,3,18,3,16,3,15,4,15
White and Other Male,21,82,21,84,21,85,21,82,21,82,21,82,21,84,21,84,21,86
White and Other Female,7,19,7,19,7,19,7,18,7,19,7,19,7,18,8,19,7,19
Black Male,9,3,9,3,9,3,9,4,9,3,21,17,9,4,10,2,9,2
White and Other Female,4,14,4,13,4,14,4,14,4,14,4,14,4,15,4,17,4,16
Black Male,4,3,4,3,4,3,4,3,5,7,13,5,4,3,5,12,4,3
Black Female,7,10,7,10,7,9,7,9,7,10,10,7,7,10,7,8,7,10
Black Male,6,7,6,6,6,7,6,6,6,11,16,5,6,8,6,7,6,9
White and Other Male,10,12,10,12,10,12,10,12,10,12,10,12,15,10,10,10,10,13
White and Other Male,21,83,21,85,21,86,21,83,21,83,21,83,21,85,21,85,21,87
Hispanic Female,13,2,13,1,13,2,13,3,13,2,12,2,13,3,13,2,13,2
White and Other Male,19,8,19,8,19,8,19,8,19,8,19,8,19,8,19,8,19,12
Black Male,1,2,1,2,1,2,1,2,1,2,7,2,1,2,1,2,1,2
White and Other Male,21,84,21,86,21,87,21,84,21,84,21,84,21,86,21,86,21,88
White and Other Female,4,15,4,14,4,15,4,15,4,15,4,15,4,16,4,18,4,17
White and Other Female,3,19,3,16,3,19,3,19,3,19,3,19,3,17,3,16,3,17
White and Other Male,15,9,15,11,15,9,18,9,15,9,15,9,15,11,15,14,17,14
White and Other Female,7,20,7,20,14,4,9,17,7,20,7,20,8,15,7,15,8,15
White and Other Female,19,7,19,7,19,8,19,7,19,7,19,7,19,7,19,7,19,10
White and Other Female,5,8,5,6,5,8,5,8,5,8,5,8,5,8,5,7,5,8
White and Other Male,21,85,21,87,21,88,21,85,21,85,21,85,21,87,21,87,21,89
White and Other Male,21,86,21,88,21,89,21,86,21,86,21,86,21,88,21,88,21,90
Black Female,7,11,7,11,7,10,7,10,7,11,5,6,7,11,8,11,7,11
White and Other Male,11,17,11,16,11,17,11,17,11,17,11,17,11,17,13,17,12,22
White and Other Male,21,87,21,89,21,90,21,87,21,87,21,87,21,89,21,89,21,91
White and Other Male,21,88,21,90,21,91,21,88,21,88,21,88,21,90,21,90,21,92
White and Other Female,7,21,15,7,7,20,7,19,7,21,7,21,7,19,7,16,7,20
White and Other Male,6,7,6,6,6,7,6,7,6,7,6,7,7,8,8,8,7,8
White and Other Male,14,10,14,13,14,10,14,8,14,10,14,10,14,11,14,18,14,24
White and Other Female,3,20,3,17,3,20,3,20,3,20,3,20,3,18,4,19,3,18
White and Other Female,10,10,10,10,10,10,10,10,10,10,10,10,10,11,10,17,10,14
White and Other Male,15,10,15,12,15,10,15,9,15,10,15,10,15,12,15,15,16,10
White and Other Male,14,11,14,14,14,11,14,9,14,11,14,11,14,12,16,10,14,25
Black Female,3,7,3,7,3,7,3,7,3,7,2,1,3,5,3,6,3,7
White and Other Female,3,21,8,18,3,21,3,21,3,21,3,21,3,19,3,17,3,19
White and Other Male,7,8,10,13,7,8,7,8,7,8,7,8,7,9,8,9,7,9
White and Other Female,7,22,7,21,7,21,7,20,7,22,7,22,8,16,8,20,8,16
White and Other Male,13,20,13,21,13,19,13,18,13,20,13,20,14,13,13,18,14,26
White and Other Male,13,21,13,22,13,20,13,19,13,21,13,21,14,14,13,19,14,27
White and Other Female,10,11,10,11,10,11,10,11,10,11,10,11,10,12,10,18,10,15
White and Other Male,5,6,5,6,5,6,5,6,5,6,5,6,8,9,6,7,6,6
White and Other Female,9,20,9,21,9,20,9,18,9,20,9,20,9,19,9,16,9,18
White and Other Female,7,23,7,22,7,22,7,21,7,23,7,23,7,20,8,21,7,21
White and Other Female,12,19,12,19,12,19,12,22,12,19,12,19,12,18,12,13,12,17
Black Male,5,13,5,12,5,13,5,12,5,8,20,4,6,9,5,13,5,12
Black Male,5,14,5,13,5,14,11,3,5,9,15,6,5,8,5,14,5,13
Black Male,5,15,5,14,5,15,5,13,5,10,16,6,5,9,6,8,5,14
Black Female,9,6,9,6,9,6,9,6,9,6,9,4,9,6,10,5,9,7
White and Other Male,20,9,20,9,20,8,20,9,20,9,20,9,20,10,20,11,21,93
Black Male,21,2,21,2,21,2,21,3,21,3,21,18,21,3,21,2,21,2
Black Female,14,2,14,2,14,3,14,2,14,2,14,1,14,3,14,3,14,1
Black Female,14,3,14,3,14,4,14,3,14,3,15,3,14,4,14,4,14,2
White and Other Female,10,12,10,12,17,11,10,12,10,12,10,12,10,13,11,11,10,16
White and Other Male,6,8,9,12,6,8,6,8,6,8,6,8,6,8,7,6,6,7
Black Female,8,10,8,10,8,10,10,7,8,10,9,5,8,9,9,7,8,9
Black Female,6,7,6,7,6,7,8,9,6,7,11,7,7,12,7,9,7,12
Black Female,5,7,5,5,5,7,5,6,5,7,5,7,5,6,5,8,5,7
Black Male,1,3,1,3,1,3,1,3,1,3,9,2,1,3,1,3,1,3
Black Male,7,6,7,6,7,6,7,5,9,4,14,8,9,5,7,4,7,4
Black Male,16,2,16,2,16,2,16,3,17,3,21,19,17,3,17,4,17,2
Black Male,4,4,4,4,4,4,4,4,4,4,21,20,4,4,4,3,4,4
Black Male,8,3,8,3,8,3,8,2,9,5,21,21,9,6,8,7,10,4
Black Male,5,16,5,15,5,16,5,14,6,12,15,7,6,10,6,9,6,10
Black Female,15,1,15,1,15,1,15,1,15,1,17,2,15,2,15,1,15,2
Black Female,7,12,7,12,7,11,7,11,7,12,6,6,7,13,8,12,7,13
White and Other Male,21,89,21,91,21,92,21,89,21,89,21,89,21,91,21,91,21,94
White and Other Male,13,22,13,23,13,21,13,20,13,22,13,22,13,22,15,16,14,28
White and Other Male,9,15,9,13,9,15,9,15,9,15,9,15,9,11,11,18,10,14
White and Other Female,3,22,3,18,3,22,3,22,3,22,3,22,3,20,3,18,3,20
White and Other Female,10,13,10,13,10,12,10,13,10,13,10,13,10,14,11,12,10,17
White and Other Male,21,90,21,92,21,93,21,90,21,90,21,90,21,92,21,92,21,95
Black Male,4,5,4,5,4,5,4,5,4,5,12,4,4,5,4,4,4,5
White and Other Male,8,11,8,9,8,11,8,11,8,11,8,11,8,10,8,10,8,12
White and Other Male,21,91,21,93,21,94,21,91,21,91,21,91,21,93,21,93,21,96
White and Other Male,21,92,21,94,21,95,21,92,21,92,21,92,21,94,21,94,21,97
White and Other Male,14,12,14,15,14,12,14,10,14,12,14,12,14,15,15,17,14,29
White and Other Female,9,21,9,22,9,21,9,19,9,21,9,21,9,20,9,17,9,19
White and Other Male,21,93,21,95,21,96,21,93,21,93,21,93,21,95,21,95,21,98
White and Other Female,7,24,7,23,7,23,7,22,7,24,7,24,8,17,9,18,8,17
White and Other Female,21,41,21,41,21,42,21,41,21,41,21,41,21,42,21,42,21,43
White and Other Male,21,94,21,96,21,97,21,94,21,94,21,94,21,96,21,96,21,99
White and Other Female,6,16,6,16,6,16,6,16,6,16,6,16,6,14,6,11,6,14
White and Other Male,21,95,21,97,21,98,21,95,21,95,21,95,21,97,21,97,21,100
White and Other Female,21,42,21,42,21,43,21,42,21,42,21,42,21,43,21,43,21,44
White and Other Male,19,9,19,9,19,9,21,96,19,9,19,9,19,9,19,9,20,6
White and Other Male,12,23,12,23,12,23,12,23,12,23,12,23,12,25,12,17,14,30
Hispanic Female,18,2,18,2,18,2,18,2,18,2,21,2,18,2,18,2,18,2
White and Other Female,8,16,8,19,8,15,8,15,8,16,8,16,8,18,9,19,8,18
White and Other Male,10,13,10,14,10,13,10,13,10,13,10,13,10,9,10,11,11,11
Hispanic Male,12,7,12,7,12,6,12,6,12,7,17,4,12,6,12,5,12,4
White and Other Female,9,22,9,23,9,22,9,20,9,22,9,22,9,21,10,19,9,20
White and Other Male,10,14,10,15,10,14,10,14,10,14,10,14,16,11,10,12,10,15
White and Other Male,10,15,10,16,10,15,10,15,10,15,10,15,10,10,10,13,10,16
White and Other Female,8,17,8,20,8,16,8,16,8,17,8,17,9,22,10,20,9,21
White and Other Female,15,7,15,8,15,7,15,7,15,7,15,7,15,6,15,9,15,7
White and Other Female,3,23,8,21,3,23,3,23,3,23,3,23,3,21,3,19,3,21
White and Other Female,3,24,3,19,3,24,3,24,3,24,3,24,3,22,3,20,3,22
White and Other Male,18,9,18,9,18,8,18,10,18,9,18,9,18,10,18,11,18,7
White and Other Female,7,25,7,24,7,24,7,23,7,25,7,25,7,21,7,17,7,22
White and Other Male,12,24,12,24,12,24,12,24,12,24,12,24,12,26,13,20,12,23
White and Other Male,8,12,8,10,8,12,8,12,8,12,8,12,8,11,8,11,8,13
White and Other Male,13,23,13,24,13,22,13,21,13,23,13,23,13,23,13,21,14,31
White and Other Male,6,9,6,7,6,9,6,9,6,9,6,9,6,9,8,12,7,10
White and Other Female,17,11,17,11,17,12,17,11,17,11,17,11,17,13,17,12,17,11
White and Other Male,21,96,21,98,21,99,21,97,21,96,21,96,21,98,21,98,21,101
Black Male,14,2,14,2,14,2,20,1,14,5,21,22,15,1,16,2,15,1
White and Other Male,14,13,14,16,14,13,14,11,14,13,14,13,14,16,14,19,15,9
White and Other Male,14,14,14,17,14,14,14,12,14,14,14,14,14,17,15,18,14,32
White and Other Female,11,12,11,14,11,12,11,13,11,12,11,12,12,19,11,13,12,18
White and Other Female,4,16,4,15,4,16,4,16,4,16,4,16,5,9,4,20,4,18
Black Female,18,3,18,4,18,3,18,3,18,3,21,3,19,2,19,3,18,3
Black Male,6,8,6,7,6,8,6,7,6,13,16,7,6,11,6,10,6,11
White and Other Male,13,24,13,25,13,23,13,22,13,24,13,24,13,24,15,19,13,15
White and Other Female,20,7,20,7,20,7,20,7,20,7,20,7,20,7,20,8,21,45
White and Other Female,20,8,20,8,20,8,20,8,20,8,20,8,20,8,20,9,21,46
White and Other Male,20,10,20,10,20,9,20,10,20,10,20,10,20,11,20,12,21,102
Black Male,1,4,5,16,1,4,1,4,1,4,4,1,2,4,1,4,1,4
Black Female,8,11,8,11,8,11,8,10,8,11,9,6,9,7,9,8,9,8
Black Male,4,6,4,6,4,6,4,6,4,6,12,5,5,10,4,5,4,6
White and Other Male,20,11,20,11,20,10,20,11,20,11,20,11,21,99,20,13,21,103
Black Female,19,3,19,3,19,3,19,3,19,3,20,1,20,2,19,4,19,3
White and Other Female,19,8,19,8,19,9,19,8,19,8,19,8,20,9,19,8,19,11
Black Male,6,9,6,8,6,9,6,8,6,14,14,9,6,12,7,5,6,12
Black Female,5,8,5,6,5,8,5,7,5,8,6,7,10,5,5,9,5,8
Black Female,9,7,9,7,9,7,9,7,9,7,9,7,9,8,9,9,9,9
White and Other Female,15,8,15,9,15,8,15,8,15,8,15,8,15,7,15,10,15,8
White and Other Male,21,97,21,99,21,100,21,98,21,97,21,97,21,100,21,99,21,104
White and Other Male,21,98,21,100,21,101,21,99,21,98,21,98,21,101,21,100,21,105
Black Male,5,17,5,17,5,17,5,15,5,11,14,10,5,11,6,11,5,15
White and Other Male,10,16,10,17,10,16,10,16,10,16,10,16,10,11,12,18,10,17
White and Other Male,12,25,12,25,12,25,12,25,12,25,12,25,12,27,12,19,12,24
White and Other Male,21,99,21,101,21,102,21,100,21,99,21,99,21,102,21,101,21,106
White and Other Female,10,14,10,14,10,13,10,14,10,14,10,14,10,15,11,14,11,10
White and Other Female,4,17,4,16,4,17,4,17,4,17,4,17,4,17,5,8,4,19
White and Other Female,10,15,10,15,10,14,10,15,10,15,10,15,10,16,12,14,11,11
White and Other Male,21,100,21,102,21,103,21,101,21,100,21,100,21,103,21,102,21,107
Black Female,5,9,5,7,5,9,5,8,5,9,5,8,13,1,5,10,5,9
White and Other Female,7,26,7,25,7,25,7,24,7,26,7,26,7,22,9,20,8,19
White and Other Female,21,43,21,43,21,44,21,43,21,43,21,43,21,44,21,44,21,47
White and Other Female,3,25,8,22,3,25,3,25,3,25,3,25,4,18,3,21,3,23
Black Male,7,7,7,7,7,7,7,6,8,8,17,4,7,3,9,2,8,5
Black Male,1,5,1,4,1,5,1,5,1,5,6,1,1,4,1,5,1,5
Black Male,5,18,5,18,5,18,5,16,6,15,17,5,5,12,5,15,5,16
White and Other Male,17,14,17,13,17,14,17,14,17,14,17,14,17,13,19,10,17,15
White and Other Female,21,44,21,44,21,45,21,44,21,44,21,44,21,45,21,45,21,48
Black Male,8,4,8,4,8,4,8,3,8,9,21,23,8,5,8,8,8,6
White and Other Female,21,45,21,45,21,46,21,45,21,45,21,45,21,46,21,46,21,49
White and Other Male,4,3,8,11,4,3,4,3,4,3,4,3,5,5,6,8,5,4
White and Other Male,19,10,19,10,19,10,19,9,19,10,19,10,19,10,19,11,20,7
White and Other Female,4,18,4,17,4,18,4,18,4,18,4,18,4,19,4,21,4,20
Black Female,10,5,10,7,10,5,10,8,10,5,11,8,10,6,10,6,10,6
Black Female,4,7,7,13,4,7,4,7,4,7,3,5,4,7,4,7,4,7
Black Female,8,12,8,12,8,12,8,11,8,12,10,8,8,10,8,13,8,10
Black Female,6,8,6,8,6,8,6,6,6,8,6,8,7,14,6,5,6,6
Black Male,13,7,13,7,13,7,13,7,14,6,21,24,14,5,14,5,13,4
White and Other Male,21,101,21,103,21,104,21,102,21,101,21,101,21,104,21,103,21,108
Black Female,5,10,5,8,5,10,5,9,5,10,4,8,5,7,5,11,5,10
White and Other Female,12,20,12,20,12,20,12,23,12,20,12,20,12,20,12,15,12,19
White and Other Female,7,27,7,26,7,26,7,25,7,27,7,27,7,23,7,18,8,20
White and Other Male,21,102,21,104,21,105,21,103,21,102,21,102,21,105,21,104,21,109
White and Other Male,21,103,21,105,21,106,21,104,21,103,21,103,21,106,21,105,21,110
Black Female,9,8,9,8,15,2,9,8,9,8,10,9,9,9,10,7,9,10
White and Other Female,8,18,8,23,8,17,8,17,8,18,8,18,8,19,8,22,8,21
White and Other Male,18,10,18,10,18,9,18,11,18,10,18,10,18,11,18,12,19,13
White and Other Female,8,19,8,24,8,18,8,18,8,19,8,19,8,20,8,23,8,22
Black Male,19,2,19,2,19,2,19,2,19,1,21,25,19,1,19,2,19,2
Black Male,3,4,3,4,3,4,3,3,3,2,12,6,3,2,3,6,3,3
Black Male,6,10,6,9,6,10,6,9,7,4,14,11,6,13,6,12,6,13
Black Male,13,8,13,8,13,8,13,8,13,4,21,26,14,6,13,5,14,5
White and Other Female,21,46,21,46,21,47,21,46,21,46,21,46,21,47,21,47,21,50
Black Male,4,7,16,3,20,1,4,7,4,7,21,27,5,13,5,16,4,7
Black Male,4,8,4,7,4,7,4,8,4,8,21,28,14,7,5,17,4,8
Black Male,3,5,3,5,3,5,3,4,3,3,12,7,4,6,4,6,3,4
Black Female,8,13,8,13,8,13,8,12,8,13,11,9,8,11,8,14,8,11
Black Male,4,9,4,8,4,8,4,9,5,12,9,3,5,14,5,18,5,17
White and Other Female,8,20,8,25,8,19,8,19,8,20,8,20,8,21,9,21,8,23
White and Other Male,21,104,21,106,21,107,21,105,21,104,21,104,21,107,21,106,21,111
White and Other Female,12,21,12,21,12,21,12,24,12,21,12,21,12,21,12,16,12,20
White and Other Male,20,12,20,12,20,11,20,12,20,12,20,12,20,12,20,14,21,112
White and Other Female,19,9,19,9,19,10,19,9,19,9,19,9,19,8,19,9,19,12
White and Other Male,21,105,21,107,21,108,21,106,21,105,21,105,21,108,21,107,21,113
White and Other Male,13,25,13,26,13,24,13,23,13,25,13,25,13,25,13,22,14,33
Hispanic Male,20,2,20,1,20,2,20,2,20,2,19,4,20,2,20,3,20,1
White and Other Male,2,1,5,7,2,1,2,1,2,1,2,1,3,1,2,1,2,1
Black Male,11,2,11,2,11,2,11,4,11,2,16,8,11,4,11,3,11,2
White and Other Female,9,23,9,24,9,23,9,21,9,23,9,23,9,23,9,22,9,22
Black Female,21,2,21,2,21,2,21,2,21,2,21,4,21,2,21,2,21,2
Black Female,21,3,21,3,21,3,21,3,21,3,21,5,21,3,21,3,21,3
Black Female,14,4,14,4,14,5,14,4,14,4,16,1,14,5,15,2,14,3
White and Other Male,11,18,11,17,11,18,11,18,11,18,11,18,12,28,13,23,12,25
White and Other Male,5,7,5,8,5,7,5,7,5,7,5,7,5,6,5,4,5,5
White and Other Male,12,26,12,26,12,26,12,26,12,26,12,26,12,29,13,24,12,26
Black Male,7,8,7,8,7,8,7,7,8,10,16,9,8,6,8,9,7,5
Black Male,7,9,7,9,7,9,7,8,8,11,17,6,8,7,8,10,8,7
Black Male,19,3,19,3,19,3,19,3,19,2,21,29,19,2,19,3,19,3
White and Other Male,15,11,15,13,15,11,15,10,15,11,15,11,15,13,15,20,15,10
White and Other Female,18,10,18,10,18,10,18,10,18,10,18,10,18,10,18,8,18,8
White and Other Male,9,16,9,14,9,16,9,16,9,16,9,16,9,12,10,14,9,12
White and Other Male,21,106,21,108,21,109,21,107,21,106,21,106,21,109,21,108,21,114
White and Other Male,21,107,21,109,21,110,21,108,21,107,21,107,21,110,21,109,21,115
White and Other Male,9,17,9,15,9,17,9,17,9,17,9,17,16,12,17,12,10,18
White and Other Female,17,12,17,12,17,13,17,12,17,12,17,12,17,14,17,13,17,12
White and Other Male,21,108,21,110,21,111,21,109,21,108,21,108,21,111,21,110,21,116
Black Male,3,6,3,6,3,6,3,5,4,9,11,2,4,7,3,7,3,5
White and Other Male,14,15,19,11,14,15,14,13,14,15,14,15,14,18,14,20,15,11
White and Other Male,21,109,21,111,21,112,21,110,21,109,21,109,21,112,21,111,21,117
Black Female,4,8,4,6,4,8,4,8,4,8,4,9,4,8,4,8,4,8
White and Other Female,6,17,6,17,6,17,6,17,6,17,6,17,6,15,7,19,6,15
White and Other Female,21,47,21,47,21,48,21,47,21,47,21,47,21,48,21,48,21,51
White and Other Female,12,22,12,22,12,22,12,25,12,22,12,22,12,22,12,17,12,21
White and Other Female,12,23,14,5,12,23,12,26,12,23,12,23,12,23,13,18,12,22
White and Other Female,19,10,19,10,19,11,21,48,19,10,19,10,19,9,19,10,19,13
White and Other Female,8,21,8,26,8,20,8,20,8,21,8,21,8,22,8,24,8,24
Black Female,9,9,9,9,9,8,9,9,9,9,10,10,9,10,9,10,9,11
White and Other Female,4,19,4,18,4,19,4,19,4,19,4,19,4,20,5,9,4,21
White and Other Female,12,24,12,23,12,24,12,27,12,24,12,24,12,24,12,18,12,23
Black Female,7,13,7,14,7,12,7,12,7,13,9,8,7,15,7,10,7,14
White and Other Male,8,13,8,12,8,13,8,13,8,13,8,13,8,12,8,13,8,14
Hispanic Male,13,4,13,4,13,4,13,4,13,4,14,5,13,4,14,7,13,5
Black Female,21,4,21,4,21,4,21,4,21,4,21,6,21,4,21,4,21,4
Black Female,21,5,21,5,21,5,21,5,21,5,21,7,21,5,21,5,21,5
White and Other Female,9,24,9,25,9,24,9,22,9,24,9,24,9,24,9,23,9,23
Black Male,9,4,9,4,9,4,9,5,9,6,17,7,9,7,9,3,9,3
White and Other Female,21,48,21,48,21,49,21,49,21,48,21,48,21,49,21,49,21,52
Black Male,2,5,2,5,2,5,2,5,2,4,9,4,2,5,3,8,2,5
White and Other Male,9,18,13,27,9,18,9,18,9,18,9,18,9,13,9,16,10,19
White and Other Male,15,12,15,14,15,12,15,11,15,12,15,12,15,14,15,21,16,11
Black Female,21,6,21,6,21,6,21,6,21,6,20,2,21,6,21,6,21,6
Hispanic Male,21,9,21,10,21,10,21,9,21,9,21,16,21,9,21,9,21,10
White and Other Male,19,11,21,112,19,11,19,10,19,11,19,11,19,11,19,12,19,14
White and Other Female,3,26,3,20,3,26,3,26,3,26,3,26,9,25,3,22,3,24
White and Other Female,5,9,10,16,5,9,5,9,5,9,5,9,5,10,5,10,5,9
White and Other Male,21,110,21,113,21,113,21,111,21,110,21,110,21,113,21,112,21,118
White and Other Male,19,12,19,12,19,12,19,11,19,12,19,12,19,12,19,13,19,15
White and Other Female,21,49,21,49,21,50,21,50,21,49,21,49,21,50,21,50,21,53
White and Other Female,8,22,8,27,8,21,8,21,8,22,8,22,9,26,8,25,9,24
White and Other Male,11,19,11,18,11,19,11,19,11,19,11,19,11,18,11,19,12,27
Hispanic Male,21,10,21,11,21,11,21,10,21,10,21,17,21,10,21,10,21,11
Hispanic Male,11,2,11,2,11,2,11,2,11,2,8,1,11,2,13,4,12,5
Black Female,8,14,8,14,8,14,8,13,8,14,13,4,8,12,8,15,8,12
White and Other Female,8,23,8,28,8,22,8,22,8,23,8,23,9,27,8,26,9,25
White and Other Male,21,111,21,114,21,114,21,112,21,111,21,111,21,114,21,113,21,119
White and Other Female,5,10,5,7,5,10,5,10,5,10,5,10,5,11,6,12,5,10
Hispanic Female,5,2,5,2,5,2,5,2,5,2,8,7,6,8,6,10,6,9
Black Male,9,5,9,5,9,5,9,6,9,7,19,2,10,6,9,4,9,4
Hispanic Female,4,3,4,3,4,3,4,3,4,3,6,3,4,4,4,1,4,2
Black Male,8,5,8,5,8,5,12,4,8,12,12,8,8,8,8,11,8,8
Black Male,1,6,1,5,1,6,1,6,2,5,10,2,2,6,2,2,2,6
Hispanic Male,5,1,11,3,5,1,5,1,5,1,4,1,5,2,6,2,6,1
Black Male,9,6,9,6,9,6,9,7,9,8,18,4,9,8,9,5,9,5
Hispanic Female,6,10,6,10,6,10,6,8,6,10,8,8,6,9,6,11,6,10
Hispanic Female,9,2,9,2,9,2,9,3,9,2,16,1,9,3,10,2,10,2
Hispanic Female,12,3,12,3,12,3,12,2,12,3,13,4,12,5,12,5,12,4
Hispanic Male,19,2,19,2,19,2,19,2,19,2,21,18,19,1,20,4,19,3
White and Other Female,13,13,13,13,13,12,13,14,13,13,13,13,13,14,13,19,13,15
White and Other Male,15,13,15,15,15,13,15,12,15,13,15,13,16,13,17,13,16,12
Hispanic Female,17,1,17,1,17,1,17,1,17,1,21,3,17,1,17,1,17,1
Black Male,14,3,14,3,14,3,14,4,14,7,21,30,14,8,14,6,14,6
White and Other Male,14,16,14,18,14,16,14,14,14,16,14,16,15,15,14,21,16,13
Hispanic Female,4,4,4,4,4,4,4,4,4,4,5,4,9,4,5,4,5,3
Hispanic Male,6,2,6,2,6,2,6,2,6,2,8,2,6,2,6,3,6,2
Hispanic Male,12,8,12,8,12,7,12,7,12,8,8,3,11,3,12,6,13,6
Hispanic Male,9,2,9,2,9,2,9,2,9,2,10,2,9,2,9,2,9,2
Hispanic Female,6,11,6,11,6,11,6,9,6,11,8,9,6,10,7,1,6,11
Hispanic Female,6,12,6,12,6,12,6,10,6,12,13,5,6,11,7,2,6,12
White and Other Female,7,28,7,27,7,27,7,26,7,28,7,28,7,24,7,20,7,23
White and Other Female,3,27,3,21,3,27,3,27,3,27,3,27,3,23,3,23,3,25
Hispanic Male,21,11,21,12,21,12,21,11,21,11,21,19,21,11,21,11,21,12
Hispanic Male,21,12,21,13,21,13,21,12,21,12,21,20,21,12,21,12,21,13
White and Other Female,10,16,10,17,10,15,10,16,10,16,10,16,10,17,10,21,10,18
White and Other Female,21,50,21,50,21,51,21,51,21,50,21,50,21,51,21,51,21,54
White and Other Male,20,13,20,13,20,12,20,13,20,13,20,13,21,115,20,15,21,120
White and Other Female,17,13,17,13,17,14,17,13,17,13,17,13,17,15,17,14,17,13
White and Other Male,16,10,16,11,16,10,18,12,16,10,16,10,16,14,18,13,17,16
Hispanic Female,6,13,6,13,6,13,6,11,6,13,7,4,6,12,6,12,6,13
Hispanic Female,18,3,18,3,18,3,18,3,18,3,21,4,18,3,19,1,18,3
Hispanic Male,14,5,14,5,14,5,14,5,14,5,20,3,14,6,16,3,15,5
Black Male,16,3,16,4,16,3,16,4,16,2,21,31,16,2,16,3,16,2
Black Female,11,5,11,5,11,4,11,5,11,5,11,10,11,6,12,2,11,5
White and Other Female,11,13,11,15,11,13,11,14,11,13,11,13,11,14,11,15,12,24
Black Male,9,7,9,7,9,7,9,8,9,9,19,3,9,9,9,6,9,6
Hispanic Female,7,3,7,3,7,3,8,5,7,3,4,4,7,4,7,3,8,4
Hispanic Female,5,3,5,3,5,3,6,12,5,3,8,10,5,2,5,5,5,4
White and Other Female,21,51,21,51,21,52,21,52,21,51,21,51,21,52,21,52,21,55
White and Other Male,21,112,21,115,21,115,21,113,21,112,21,112,21,116,21,114,21,121
Black Male,21,3,21,3,21,3,21,4,21,4,21,32,21,4,21,3,21,3
White and Other Male,21,113,21,116,21,116,21,114,21,113,21,113,21,117,21,115,21,122
White and Other Male,21,114,21,117,21,117,21,115,21,114,21,114,21,118,21,116,21,123
Hispanic Female,2,2,2,2,2,2,2,2,2,2,3,2,2,3,2,2,2,2
Hispanic Male,7,4,7,4,7,4,7,4,7,4,12,3,7,3,8,4,7,4
Hispanic Male,21,13,21,14,21,14,21,13,21,13,21,21,21,13,21,13,21,14
Black Female,6,9,6,9,6,9,6,7,6,9,8,8,6,8,7,11,6,7
White and Other Male,21,115,21,118,21,118,21,116,21,115,21,115,21,119,21,117,21,124
White and Other Male,21,116,21,119,21,119,21,117,21,116,21,116,21,120,21,118,21,125
White and Other Male,16,11,16,12,16,11,16,14,16,11,16,11,17,14,18,14,16,14
Hispanic Female,6,14,6,14,6,14,6,13,6,14,9,3,6,13,7,4,6,14
Hispanic Female,8,5,8,5,8,5,8,6,8,5,11,3,8,3,10,3,8,5
Hispanic Female,7,4,7,4,7,4,7,3,7,4,8,11,7,5,8,4,7,4
Hispanic Female,10,3,10,3,10,3,10,3,10,3,15,3,10,2,10,4,10,3
Hispanic Female,5,4,5,4,5,4,5,3,5,4,6,4,5,3,5,6,5,5
Hispanic Male,12,9,12,9,12,8,12,8,12,9,14,6,13,5,14,8,13,7
Hispanic Male,21,14,21,15,21,15,21,14,21,14,21,22,21,14,21,14,21,15
Hispanic Female,11,7,11,7,11,7,11,8,11,7,13,6,11,6,11,6,11,7
Hispanic Female,9,3,9,3,9,3,9,4,9,3,10,3,9,5,9,5,9,3
Hispanic Male,11,3,11,4,11,3,11,3,11,3,9,2,11,4,11,1,11,3
Hispanic Male,21,15,21,16,21,16,21,15,21,15,21,23,21,15,21,15,21,16
Hispanic Male,16,2,16,2,16,2,16,2,16,2,21,24,16,4,17,2,16,4
Hispanic Female,2,3,6,15,2,3,2,3,2,3,4,5,2,4,2,3,2,3
Hispanic Male,6,3,6,3,6,3,6,3,6,3,5,1,6,3,6,4,6,3
Hispanic Male,21,16,21,17,21,17,21,16,21,16,20,4,21,16,21,16,21,17
Hispanic Female,12,4,12,4,12,4,12,3,12,4,12,3,12,6,12,6,12,5
White and Other Female,11,14,11,16,11,14,11,15,11,14,11,14,11,15,11,16,11,12
Hispanic Female,13,3,13,2,13,3,13,4,13,3,14,2,13,4,13,3,13,3
Hispanic Male,7,5,7,5,7,5,7,5,7,5,11,3,7,4,7,3,8,3
White and Other Male,4,4,4,3,4,4,4,4,4,4,4,4,4,3,4,3,4,2
White and Other Female,15,9,15,10,15,9,15,9,15,9,15,9,15,8,15,11,15,9
Hispanic Female,13,4,13,3,13,4,13,5,13,4,10,4,14,2,15,2,14,2
White and Other Male,18,11,18,11,18,10,18,13,18,11,18,11,19,13,18,15,20,8
White and Other Female,7,29,7,28,7,28,7,27,7,29,7,29,8,23,8,27,7,24
White and Other Male,21,117,21,120,21,120,21,118,21,117,21,117,21,121,21,119,21,126
White and Other Female,4,20,4,19,4,20,4,20,4,20,4,20,4,21,4,22,4,22
White and Other Female,11,15,11,17,11,15,11,16,11,15,11,15,11,16,11,17,11,13
White and Other Female,7,30,7,29,7,29,7,28,7,30,7,30,7,25,8,28,7,25
White and Other Male,15,14,15,16,15,14,15,13,15,14,15,14,15,16,15,22,15,12
White and Other Female,11,16,11,18,11,16,11,17,11,16,11,16,11,17,11,18,11,14
White and Other Female,4,21,4,20,4,21,4,21,4,21,4,21,4,22,4,23,4,23
White and Other Male,12,27,12,27,12,27,12,27,12,27,12,27,12,30,12,20,13,16
White and Other Female,3,28,3,22,3,28,3,28,3,28,3,28,11,18,3,24,3,26
White and Other Male,21,118,21,121,21,121,21,119,21,118,21,118,21,122,21,120,21,127
White and Other Male,17,15,17,14,17,15,17,15,17,15,17,15,18,12,17,14,17,17
Hispanic Female,8,6,8,6,15,2,8,7,8,6,4,6,8,4,8,5,8,6
White and Other Female,7,31,7,30,7,30,7,29,7,31,7,31,7,26,7,21,7,26
White and Other Female,21,52,21,52,21,53,21,53,21,52,21,52,21,53,21,53,21,56
White and Other Male,16,12,16,13,16,12,18,14,16,12,16,12,16,15,18,16,16,15
White and Other Female,21,53,21,53,21,54,21,54,21,53,21,53,21,54,21,54,21,57
White and Other Male,21,119,21,122,21,122,21,120,21,119,21,119,21,123,21,121,21,128
White and Other Male,19,13,19,13,19,13,19,12,19,13,19,13,19,14,19,14,21,129
White and Other Male,11,20,11,19,11,20,11,20,11,20,11,20,11,19,11,20,12,28
White and Other Female,12,25,12,24,12,25,12,28,12,25,12,25,12,25,12,19,12,25
White and Other Female,12,26,12,25,12,26,12,29,12,26,12,26,12,26,13,20,12,26
White and Other Female,2,2,2,2,2,2,2,2,2,2,2,2,2,2,2,2,2,2
White and Other Male,18,12,18,12,18,11,18,15,18,12,18,12,18,13,18,17,19,16
White and Other Male,21,120,21,123,21,123,21,121,21,120,21,120,21,124,21,122,21,130
Hispanic Female,4,5,4,5,4,5,4,5,4,5,15,4,4,5,4,2,4,3
White and Other Male,21,121,21,124,21,124,21,122,21,121,21,121,21,125,21,123,21,131
White and Other Female,7,32,7,31,7,31,7,30,7,32,7,32,7,27,7,22,7,27
White and Other Female,21,54,21,54,21,55,21,55,21,54,21,54,21,55,21,55,21,58
White and Other Male,15,15,15,17,15,15,15,14,15,15,15,15,15,17,15,23,15,13
White and Other Male,12,28,12,28,12,28,12,28,12,28,12,28,12,31,14,22,12,29
White and Other Male,12,29,12,29,12,29,12,29,12,29,12,29,12,32,14,23,12,30
White and Other Female,21,55,21,55,21,56,21,56,21,55,21,55,21,56,21,56,21,59
Hispanic Female,5,5,5,5,5,5,5,4,5,5,6,5,5,4,5,7,5,6
White and Other Female,9,25,9,26,9,25,9,23,9,25,9,25,9,28,9,24,9,26
White and Other Female,16,8,16,8,16,8,16,8,16,8,16,8,17,16,18,9,17,14
White and Other Female,7,33,7,32,7,32,7,31,7,33,7,33,7,28,8,29,7,28
Hispanic Female,2,4,6,16,2,4,2,4,2,4,4,7,2,5,2,4,2,4
Hispanic Male,11,4,11,5,11,4,11,4,11,4,14,7,11,5,13,5,11,4
Hispanic Male,18,2,18,2,18,2,18,3,18,2,21,25,18,3,18,2,19,4
Hispanic Male,7,6,7,6,7,6,7,6,7,6,7,2,7,5,8,5,7,5
Hispanic Male,12,10,12,10,12,9,12,9,12,10,16,1,12,7,12,7,12,6
Hispanic Male,21,17,21,18,21,18,21,17,21,17,21,26,21,17,21,17,21,18
White and Other Male,21,122,21,125,21,125,21,123,21,122,21,122,21,126,21,124,21,132
Hispanic Female,9,4,9,4,9,4,9,5,9,4,11,4,11,7,9,6,10,4
White and Other Male,21,123,21,126,21,126,21,124,21,123,21,123,21,127,21,125,21,133
White and Other Male,10,17,10,18,10,17,10,17,10,17,10,17,11,20,10,15,10,20
White and Other Female,11,17,11,19,11,17,11,18,11,17,11,17,11,19,11,19,11,15
White and Other Female,21,56,21,56,21,57,21,57,21,56,21,56,21,57,21,57,21,60
Black Male,6,11,11,3,6,11,6,10,6,16,12,9,6,14,6,13,6,14
White and Other Male,17,16,17,15,17,16,17,16,17,16,17,16,17,15,17,15,17,18
White and Other Male,17,17,17,16,17,17,17,17,17,17,17,17,18,14,17,16,17,19
White and Other Female,12,27,12,26,12,27,12,30,12,27,12,27,12,27,12,20,12,27
White and Other Female,21,57,21,57,21,58,21,58,21,57,21,57,21,58,21,58,21,61
Hispanic Female,13,5,13,4,13,5,14,2,13,5,15,5,13,5,14,1,13,4
White and Other Male,11,21,11,20,11,21,11,21,11,21,11,21,11,21,12,21,11,12
White and Other Male,12,30,12,30,12,30,12,30,12,30,12,30,13,26,13,25,12,31
Hispanic Female,10,4,10,4,10,4,10,4,10,4,10,5,10,3,11,7,10,5
Hispanic Male,10,2,10,2,10,2,10,2,10,2,15,2,10,2,10,1,10,1
Hispanic Female,10,5,10,5,10,5,10,5,10,5,7,5,10,4,11,8,10,6
Black Male,4,10,9,8,4,9,4,10,4,10,11,3,4,8,5,19,4,9
Black Female,15,2,15,2,15,3,15,2,15,2,17,3,15,3,15,3,15,3
White and Other Male,18,13,18,13,18,12,18,16,18,13,18,13,18,15,18,18,18,8
White and Other Male,21,124,21,127,21,127,21,125,21,124,21,124,21,128,21,126,21,134
White and Other Female,8,24,8,29,8,23,8,23,8,24,8,24,8,24,8,30,8,25
Hispanic Female,4,6,4,6,4,6,4,6,4,6,12,4,4,6,4,3,4,4
Hispanic Female,6,15,6,17,6,15,8,8,6,15,8,12,6,14,6,13,6,15
Hispanic Female,6,16,6,18,6,16,8,9,6,16,8,13,6,15,6,14,6,16
Hispanic Male,11,5,11,6,11,5,11,5,11,5,17,5,12,8,11,2,12,7
Hispanic Female,2,5,6,19,2,5,2,5,2,5,4,8,2,6,2,5,2,5
Hispanic Male,9,3,9,3,9,3,9,3,9,3,12,4,9,3,10,2,10,2
White and Other Female,21,58,21,58,21,59,21,59,21,58,21,58,21,59,21,59,21,62
Hispanic Male,6,4,6,4,6,4,6,4,6,4,7,3,6,4,6,5,6,4
Hispanic Male,12,11,12,11,12,10,12,10,12,11,17,6,13,6,12,8,14,4
White and Other Female,15,10,15,11,15,10,15,10,15,10,15,10,16,8,16,9,15,10
White and Other Male,5,8,5,9,5,8,5,8,5,8,5,8,6,10,5,5,6,8
White and Other Male,21,125,21,128,21,128,21,126,21,125,21,125,21,129,21,127,21,135
White and Other Male,21,126,21,129,21,129,21,127,21,126,21,126,21,130,21,128,21,136
Hispanic Female,14,2,14,3,14,2,14,3,14,2,16,2,14,3,14,2,14,3
White and Other Female,19,11,19,11,19,12,19,10,19,11,19,11,19,10,19,11,19,14
White and Other Female,6,18,6,18,6,18,6,18,6,18,6,18,6,16,6,13,6,16
Hispanic Male,21,18,21,19,21,19,21,18,21,18,21,27,21,18,21,18,21,19
White and Other Male,19,14,19,14,19,14,19,13,19,14,19,14,19,15,19,15,19,17
White and Other Male,12,31,12,31,12,31,12,31,12,31,12,31,13,27,14,24,13,17
White and Other Female,13,14,13,14,13,13,13,15,13,14,13,14,13,15,14,6,13,16
White and Other Male,21,127,21,130,21,130,21,128,21,127,21,127,21,131,21,129,21,137
Hispanic Female,12,5,12,5,12,5,12,4,12,5,15,6,12,7,12,7,13,5
White and Other Male,15,16,15,18,15,16,15,15,15,16,15,16,15,18,15,24,15,14
Black Female,13,2,13,2,13,2,13,3,13,2,7,7,13,2,13,1,13,2
White and Other Male,12,32,12,32,12,32,15,16,12,32,12,32,12,33,12,22,13,18
White and Other Female,4,22,9,27,4,22,4,22,4,22,4,22,4,23,5,11,4,24
White and Other Male,21,128,21,131,21,131,21,129,21,128,21,128,21,132,21,130,21,138
White and Other Male,21,129,21,132,21,132,21,130,21,129,21,129,21,133,21,131,21,139
Hispanic Male,11,6,11,7,11,6,11,6,11,6,15,3,12,9,13,6,12,8
Hispanic Male,11,7,11,8,11,7,11,7,11,7,21,28,11,6,13,7,12,9
White and Other Male,19,15,19,15,19,15,19,14,19,15,19,15,19,16,19,16,20,9
White and Other Male,21,130,21,133,21,133,21,131,21,130,21,130,21,134,21,132,21,140
White and Other Female,21,59,21,59,21,60,21,60,21,59,21,59,21,60,21,60,21,63
Hispanic Female,8,7,8,7,8,6,8,10,8,7,11,5,9,6,9,7,8,7
Hispanic Female,7,5,7,5,7,5,7,4,7,5,6,6,8,5,7,5,7,5
Hispanic Female,7,6,7,6,7,6,7,5,7,6,6,7,8,6,7,6,7,6
Hispanic Female,8,8,8,8,8,7,8,11,8,8,10,6,8,7,8,6,8,8
White and Other Female,7,34,14,6,7,33,7,32,7,34,7,34,7,29,7,23,7,29
White and Other Male,21,131,21,134,21,134,21,132,21,131,21,131,21,135,21,133,21,141
Hispanic Male,11,8,17,1,11,8,11,8,11,8,13,3,11,7,12,9,11,5
White and Other Female,16,9,16,9,16,9,16,9,16,9,16,9,17,17,16,10,16,7
White and Other Female,11,18,11,20,11,18,11,19,11,18,11,18,11,20,12,21,11,16
White and Other Female,21,60,21,60,21,61,21,61,21,60,21,60,21,61,21,61,21,64
Hispanic Male,7,7,12,12,7,7,7,7,7,7,13,4,8,3,7,4,8,4
Hispanic Female,4,7,13,5,4,7,4,7,4,7,6,8,4,7,4,4,4,5
Hispanic Female,1,2,1,2,1,2,1,2,1,2,3,3,2,7,2,6,2,6
White and Other Female,12,28,12,27,12,28,12,31,12,28,12,28,12,28,12,22,12,28
White and Other Female,7,35,7,33,7,34,7,33,7,35,7,35,7,30,8,31,7,30
White and Other Male,5,9,5,10,5,9,5,9,5,9,5,9,5,7,7,7,6,9
White and Other Male,10,18,10,19,10,18,10,18,10,18,10,18,10,12,10,16,11,13
Hispanic Female,5,6,5,6,5,6,5,5,5,6,8,14,5,5,6,15,5,7
Black Male,7,10,7,10,7,10,7,9,8,13,15,8,8,9,7,6,7,6
White and Other Male,18,14,18,14,18,13,18,17,18,14,18,14,18,16,18,19,19,18
Black Female,4,9,7,15,4,9,4,9,4,9,4,10,4,9,4,9,4,9
Hispanic Female,6,17,6,20,14,3,6,14,6,17,9,4,6,16,6,16,6,17
Hispanic Male,11,9,11,9,11,9,11,9,11,9,15,4,11,8,11,3,12,10
Hispanic Male,3,1,3,1,3,1,3,1,3,1,3,2,3,1,3,1,3,1
Hispanic Female,21,1,21,1,21,1,21,1,21,1,21,5,21,1,21,1,21,1
Hispanic Male,5,2,5,1,5,2,5,2,5,2,4,2,5,3,6,6,6,5
Black Male,7,11,7,11,7,11,7,10,7,5,16,10,8,10,8,12,7,7
Hispanic Male,21,19,21,20,21,20,21,19,21,19,21,29,21,19,21,19,21,20
Hispanic Female,11,8,11,8,11,8,11,9,11,8,13,7,11,8,11,9,11,8
White and Other Female,7,36,7,34,7,35,7,34,7,36,7,36,7,31,8,32,7,31
White and Other Female,13,15,13,15,13,14,13,16,13,15,13,15,13,16,13,21,13,17
White and Other Male,12,33,12,33,12,33,12,32,12,33,12,33,12,34,12,23,12,32
White and Other Female,21,61,21,61,21,62,21,62,21,61,21,61,21,62,21,62,21,65
Black Male,16,4,16,5,16,4,16,5,16,3,21,33,16,3,17,5,16,3
White and Other Male,12,34,12,34,12,34,12,33,12,34,12,34,13,28,14,25,12,33
Hispanic Male,21,20,21,21,21,21,21,20,21,20,21,30,21,20,21,20,21,21
Hispanic Female,8,9,8,9,8,8,8,12,8,9,10,7,8,8,8,7,8,9
Black Female,6,10,6,10,6,10,10,9,6,10,7,8,7,16,6,6,7,15
Black Female,6,11,6,11,6,11,6,8,6,11,5,9,7,17,6,7,6,8
Hispanic Female,21,2,21,2,21,2,21,2,21,2,21,6,21,2,21,2,21,2
Hispanic Female,18,4,18,4,18,4,18,4,18,4,21,7,18,4,18,3,18,4
Black Male,6,12,6,10,6,12,6,11,6,17,14,12,7,4,7,7,6,15
Hispanic Female,15,2,15,2,15,3,15,2,15,2,18,3,15,3,15,3,15,2
Hispanic Male,14,6,14,6,21,22,14,6,14,6,17,7,14,7,14,9,14,5
Hispanic Female,5,7,15,3,5,7,5,6,5,7,6,9,5,6,5,8,5,8
White and Other Male,15,17,15,19,15,17,15,17,15,17,15,17,15,19,17,17,15,15
Hispanic Female,13,6,13,6,13,6,13,6,13,6,15,7,13,6,13,4,13,6
White and Other Male,21,132,21,135,21,135,21,133,21,132,21,132,21,136,21,134,21,142
Hispanic Female,1,3,1,3,1,3,1,3,1,3,3,4,2,8,1,2,1,2
Hispanic Male,9,4,9,4,9,4,9,4,9,4,15,5,10,3,9,3,10,3
Hispanic Male,9,5,9,5,9,5,9,5,9,5,16,2,10,4,9,4,10,4
Hispanic Male,21,21,21,22,21,23,21,21,21,21,21,31,21,21,21,21,21,22
Hispanic Male,3,2,3,2,3,2,9,6,3,2,7,4,3,2,4,2,3,2
White and Other Female,7,37,7,35,7,36,7,35,7,37,7,37,7,32,7,24,7,32
Hispanic Male,11,10,11,10,11,10,11,10,11,10,14,8,11,9,13,8,12,11
Hispanic Male,17,1,17,2,17,1,17,1,17,1,20,5,17,1,17,3,17,1
Hispanic Female,7,7,7,7,7,7,7,6,7,7,9,5,8,9,7,7,8,10
White and Other Male,3,2,3,2,3,2,3,2,3,2,3,2,3,2,4,4,3,2
White and Other Male,21,133,21,136,21,136,21,134,21,133,21,133,21,137,21,135,21,143
White and Other Female,21,62,21,62,21,63,21,63,21,62,21,62,21,63,21,63,21,66
White and Other Female,21,63,21,63,21,64,21,64,21,63,21,63,21,64,21,64,21,67
Hispanic Female,21,3,21,3,21,3,21,3,21,3,21,8,21,3,21,3,21,3
White and Other Male,18,15,18,15,18,14,18,18,18,15,18,15,18,17,18,20,19,19
White and Other Female,3,29,3,23,3,29,3,29,3,29,3,29,6,17,3,25,3,27
Hispanic Male,1,2,1,2,1,2,1,2,1,2,2,1,2,1,3,2,2,1
Hispanic Male,4,4,4,4,4,4,4,4,4,4,13,5,4,3,6,7,5,2
White and Other Female,21,64,21,64,21,65,21,65,21,64,21,64,21,65,21,65,21,68
White and Other Female,8,25,8,30,8,24,8,24,8,25,8,25,8,25,9,25,8,26
White and Other Male,11,22,11,21,11,22,11,22,11,22,11,22,12,35,11,21,13,19
White and Other Male,11,23,11,22,11,23,14,15,11,23,11,23,12,36,11,22,13,20
White and Other Female,17,14,17,14,17,15,17,14,17,14,17,14,17,18,17,15,17,15
Hispanic Female,11,9,11,9,11,9,11,10,11,9,14,3,12,8,11,10,11,9
Hispanic Female,3,3,3,3,3,3,3,3,3,3,4,9,3,2,4,5,3,3
Hispanic Female,3,4,3,4,3,4,3,4,3,4,4,10,4,8,4,6,3,4
Hispanic Male,8,2,8,2,8,2,15,5,8,2,12,5,9,4,8,6,9,3
Hispanic Male,8,3,8,3,8,3,8,2,8,3,11,4,9,5,8,7,9,4
White and Other Male,19,16,19,16,19,16,19,15,19,16,19,16,19,17,19,17,21,144
White and Other Female,7,38,15,12,7,37,7,36,7,38,7,38,7,33,7,25,8,27
White and Other Female,12,29,12,28,12,29,12,32,12,29,12,29,12,29,12,23,13,18
Hispanic Male,19,3,19,3,19,3,19,3,19,3,21,32,19,2,19,1,20,2
Hispanic Female,12,6,12,6,12,6,12,5,12,6,16,3,12,9,12,8,12,6
White and Other Female,19,12,19,12,19,13,19,11,19,12,19,12,20,10,19,12,19,15
Hispanic Female,21,4,21,4,21,4,21,4,21,4,21,9,21,4,21,4,21,4
Hispanic Female,2,6,2,3,2,6,2,6,2,6,4,11,2,9,2,7,2,7
White and Other Female,7,39,7,36,7,38,7,37,7,39,7,39,7,34,7,26,7,33
White and Other Male,8,14,8,13,8,14,8,14,8,14,8,14,8,13,8,14,9,13
White and Other Male,21,134,21,137,21,137,21,135,21,134,21,134,21,138,21,136,21,145
Black Female,9,10,9,10,9,9,9,10,9,10,13,5,9,11,9,11,9,12
Black Male,5,19,5,19,5,19,5,17,5,13,21,34,5,15,5,20,5,18
White and Other Male,21,135,21,138,21,138,21,136,21,135,21,135,21,139,21,137,21,146
White and Other Female,15,11,15,13,15,11,18,11,15,11,15,11,15,9,16,11,15,11
Hispanic Male,14,7,14,7,21,24,14,7,14,7,15,6,14,8,14,10,14,6
Hispanic Female,2,7,2,4,2,7,2,7,2,7,13,8,2,10,2,8,3,5
Hispanic Male,5,3,5,2,5,3,5,3,5,3,5,2,5,4,7,5,6,6
Hispanic Female,6,18,6,21,6,17,6,15,6,18,7,6,7,6,6,17,6,18
Hispanic Male,9,6,9,6,9,6,9,7,9,6,14,9,9,6,9,5,10,5
Hispanic Female,5,8,5,7,13,7,5,7,5,8,11,6,5,7,6,18,5,9
Hispanic Male,4,5,4,5,4,5,4,5,4,5,10,3,4,4,5,2,4,3
Hispanic Male,8,4,16,3,8,4,8,3,8,4,15,7,8,4,8,8,9,5
Hispanic Female,2,8,2,5,2,8,2,8,2,8,3,5,2,11,2,9,2,8
Hispanic Male,15,5,15,5,15,5,15,6,15,5,21,33,16,5,15,5,16,5
Hispanic Male,6,5,6,5,6,5,6,5,6,5,7,5,6,5,6,8,7,6
Hispanic Male,11,11,11,11,11,11,11,11,11,11,12,6,11,10,11,4,12,12
Hispanic Male,19,4,19,4,19,4,19,4,19,4,20,6,18,4,20,5,19,5
Hispanic Female,1,4,1,4,1,4,1,4,1,4,3,6,1,1,1,3,1,3
Hispanic Female,2,9,2,6,2,9,2,9,2,9,3,7,2,12,2,10,2,9
Hispanic Male,5,4,10,3,5,4,5,4,5,4,12,7,5,5,6,9,5,3
Hispanic Male,8,5,8,4,8,5,8,4,8,5,11,5,9,7,8,9,9,6
Hispanic Male,10,3,10,4,10,3,10,3,10,3,18,3,17,2,12,10,11,6
Hispanic Male,8,6,8,5,8,6,8,5,8,6,21,34,8,5,10,3,8,5
Black Female,20,1,20,1,20,1,20,1,20,1,20,3,20,3,20,1,20,1
Hispanic Female,7,8,7,8,7,8,7,7,7,8,10,8,7,7,7,8,7,7
Hispanic Male,21,22,21,23,21,25,21,22,21,22,21,35,21,22,21,22,21,23
White and Other Male,21,136,21,139,21,139,21,137,21,136,21,136,21,140,21,138,21,147
White and Other Female,21,65,21,65,21,66,21,66,21,65,21,65,21,66,21,66,21,69
Black Female,5,11,5,9,5,11,5,10,5,11,4,11,5,8,5,12,5,11
White and Other Male,14,17,14,19,14,17,14,16,14,17,14,17,14,19,14,26,15,16
White and Other Male,21,137,21,140,21,140,21,138,21,137,21,137,21,141,21,139,21,148
Hispanic Male,21,23,21,24,21,26,21,23,21,23,21,36,21,23,21,23,21,24
Hispanic Male,15,6,15,6,15,6,21,24,15,6,20,7,15,3,15,6,16,6
White and Other Male,21,138,21,141,21,141,21,139,21,138,21,138,21,142,21,140,21,149
Hispanic Female,15,3,15,4,15,4,15,3,15,3,17,2,15,4,16,2,15,3
Hispanic Male,2,1,2,1,2,1,2,1,2,1,7,6,3,3,2,1,2,2
Hispanic Female,7,9,7,9,7,9,7,8,7,9,9,6,8,10,7,9,8,11
White and Other Female,18,11,18,11,18,11,18,12,18,11,18,11,18,11,18,10,18,9
Hispanic Male,13,5,13,5,13,5,13,5,13,5,15,8,13,7,13,9,13,8
White and Other Male,8,15,8,14,8,15,8,15,8,15,8,15,9,14,9,17,8,15
Black Male,13,9,13,9,13,9,13,9,14,8,21,35,13,5,14,7,14,7
Hispanic Male,10,4,10,5,10,4,10,4,10,4,10,4,11,11,10,4,11,7
White and Other Female,3,30,3,24,3,30,3,30,3,30,3,30,3,24,3,26,3,28
Hispanic Female,8,10,8,10,8,9,8,13,8,10,9,7,8,11,8,8,8,12
White and Other Male,20,14,21,142,20,13,20,14,20,14,20,14,20,13,21,141,20,10
White and Other Male,21,139,21,143,21,142,21,140,21,139,21,139,21,143,21,142,21,150
White and Other Female,21,66,21,66,21,67,21,67,21,66,21,66,21,67,21,67,21,70
Hispanic Male,7,8,7,7,7,8,7,8,7,8,10,5,7,6,8,10,7,7
Hispanic Female,2,10,7,10,2,10,2,10,2,10,4,12,2,13,3,3,2,10
Hispanic Female,6,19,6,22,6,18,6,16,6,19,8,15,6,17,6,19,6,19
White and Other Male,21,140,21,144,21,143,21,141,21,140,21,140,21,144,21,143,21,151
White and Other Female,6,19,6,19,6,19,6,19,6,19,6,19,6,18,6,14,7,34
Black Male,5,20,10,3,5,20,5,18,6,18,21,36,5,16,5,21,5,19
White and Other Female,20,9,20,9,20,9,20,9,20,9,20,9,20,11,20,10,20,6
White and Other Male,18,16,18,16,18,15,18,19,18,16,18,16,18,18,18,21,18,9
Hispanic Male,5,5,11,12,5,5,5,5,5,5,5,3,5,6,6,10,6,7
Hispanic Male,5,6,5,3,5,6,5,6,5,6,4,3,8,6,6,11,6,8
Hispanic Male,21,24,21,25,21,27,21,25,21,24,21,37,21,24,21,24,21,25
Hispanic Female,20,3,20,3,20,3,20,3,20,3,21,10,20,3,20,3,20,3
Hispanic Male,3,3,3,3,3,3,3,2,3,3,8,4,3,4,4,3,3,3
Hispanic Male,14,8,14,8,14,6,14,8,14,8,17,8,15,4,14,11,15,6
White and Other Male,21,141,21,145,21,144,21,142,21,141,21,141,21,145,21,144,21,152
White and Other Male,21,142,21,146,21,145,21,143,21,142,21,142,21,146,21,145,21,153
White and Other Female,11,19,11,21,11,19,11,20,11,19,11,19,11,21,12,24,11,17
White and Other Female,7,40,7,37,7,39,7,38,7,40,7,40,7,35,7,27,7,35
White and Other Female,21,67,21,67,21,68,21,68,21,67,21,67,21,68,21,68,21,71
White and Other Male,18,17,18,17,18,16,18,20,18,17,18,17,18,19,19,18,19,20
Hispanic Male,10,5,10,6,10,5,10,5,10,5,11,6,10,5,10,5,10,6
White and Other Female,21,68,21,68,21,69,21,69,21,68,21,68,21,69,21,69,21,72
Hispanic Male,21,25,21,26,21,28,21,26,21,25,21,38,21,25,21,25,21,26
White and Other Male,7,9,7,7,7,9,7,9,7,9,7,9,7,10,7,8,9,14
White and Other Male,6,10,6,8,6,10,6,10,6,10,6,10,6,11,7,9,6,10
Hispanic Female,19,1,19,1,19,1,19,1,19,1,21,11,20,4,19,2,19,1
White and Other Male,15,18,15,20,15,18,15,18,15,18,15,18,15,20,15,25,15,17
White and Other Female,12,30,12,29,12,30,12,33,12,30,12,30,12,30,13,22,12,29
White and Other Male,15,19,15,21,15,19,15,19,15,19,15,19,15,21,15,26,15,18
White and Other Male,13,26,13,28,13,25,13,24,13,26,13,26,13,29,15,27,13,21
Hispanic Male,16,3,16,4,16,3,16,3,16,3,21,39,16,6,17,4,16,7
Hispanic Male,16,4,16,5,16,4,16,4,16,4,11,7,16,7,16,4,16,8
White and Other Male,14,18,14,20,14,18,14,17,14,18,14,18,14,20,15,28,14,34
Hispanic Female,5,9,5,8,5,8,5,8,5,9,5,5,5,8,5,9,5,10
Hispanic Female,17,2,17,2,17,2,17,2,17,2,19,4,17,2,17,2,17,2
White and Other Female,10,17,10,18,10,16,10,17,10,17,10,17,10,18,11,20,10,19
White and Other Male,21,143,21,147,21,146,21,144,21,143,21,143,21,147,21,146,21,154
Black Male,12,4,12,4,12,4,12,5,12,4,21,37,12,4,12,4,12,4
White and Other Male,10,19,10,20,10,19,10,19,10,19,10,19,11,22,10,17,10,21
Hispanic Female,5,10,5,9,5,9,5,9,5,10,9,8,5,9,5,10,5,11
Hispanic Female,5,11,5,10,5,10,5,10,5,11,9,9,5,10,5,11,5,12
Hispanic Female,5,12,5,11,13,8,5,11,5,12,10,9,5,11,5,12,5,13
Hispanic Male,3,4,3,4,3,4,3,3,3,4,4,4,2,2,4,4,3,4
Hispanic Male,7,9,13,6,7,9,7,9,7,9,9,3,10,6,9,6,8,6
Hispanic Male,13,6,13,7,13,6,21,27,13,6,21,40,13,8,13,10,14,7
Hispanic Male,5,7,5,4,5,7,5,7,5,7,8,5,5,7,6,12,5,4
Hispanic Male,13,7,13,8,13,7,13,6,13,7,17,9,13,9,13,11,14,8
White and Other Male,21,144,21,148,21,147,21,145,21,144,21,144,21,148,21,147,21,155
Hispanic Male,9,7,9,7,9,7,9,8,9,7,13,6,9,8,11,5,9,7
Hispanic Male,21,26,21,27,21,29,21,28,21,26,19,5,21,26,21,26,21,27
Black Female,5,12,5,10,5,12,5,11,5,12,13,6,5,9,5,13,5,12
Hispanic Female,20,4,20,4,20,4,20,4,20,4,21,12,20,5,20,4,20,4
White and Other Female,17,15,17,15,17,16,17,15,17,15,17,15,17,19,17,16,17,16
Hispanic Female,3,5,3,5,3,5,3,5,3,5,13,9,2,14,3,4,3,6
Hispanic Male,5,8,5,5,5,8,5,8,5,8,4,5,5,8,7,6,6,9
Black Male,6,13,6,11,6,13,6,12,6,19,13,6,6,15,6,14,6,16
White and Other Male,15,20,15,22,15,20,17,18,15,20,15,20,15,22,15,29,16,16
Hispanic Male,8,7,13,9,8,7,8,6,8,7,11,8,9,9,8,11,8,7
Hispanic Female,19,2,19,2,19,2,19,2,19,2,21,13,19,1,19,3,19,2
White and Other Female,7,41,7,38,7,40,11,21,7,41,7,41,8,26,8,33,7,36
White and Other Male,20,15,20,14,20,14,20,15,20,15,20,15,20,14,20,16,20,11
White and Other Female,4,23,8,31,4,23,4,23,4,23,4,23,4,24,4,24,4,25
White and Other Male,10,20,10,21,10,20,10,20,10,20,10,20,10,13,10,18,10,22
White and Other Male,11,24,11,23,11,24,11,23,11,24,11,24,16,16,13,26,12,34
White and Other Male,13,27,13,29,13,26,13,25,13,27,13,27,14,21,13,27,15,19
White and Other Male,11,25,11,24,11,25,11,24,11,25,11,25,11,23,12,24,11,14
White and Other Male,9,19,9,16,9,19,9,19,9,19,9,19,9,15,9,18,9,15
White and Other Female,13,16,13,16,13,15,13,17,13,16,13,16,13,17,13,23,13,19
White and Other Male,20,16,20,15,20,15,20,16,20,16,20,16,20,15,21,148,21,156
White and Other Female,15,12,15,14,15,12,15,11,15,12,15,12,15,10,15,12,15,12
White and Other Female,7,42,7,39,7,41,7,39,7,42,7,42,7,36,7,28,7,37
White and Other Female,17,16,17,16,17,17,17,16,17,16,17,16,17,20,17,17,17,17
White and Other Male,21,145,21,149,21,148,21,146,21,145,21,145,21,149,21,149,21,157
White and Other Female,7,43,7,40,7,42,7,40,7,43,7,43,7,37,7,29,7,38
White and Other Female,4,24,4,21,4,24,4,24,4,24,4,24,4,25,4,25,4,26
White and Other Female,20,10,20,10,21,70,20,10,20,10,20,10,20,12,20,11,20,7
White and Other Female,7,44,7,41,7,43,7,41,7,44,7,44,7,38,7,30,8,28
White and Other Female,11,20,11,22,11,20,11,22,11,20,11,20,11,22,11,21,11,18
White and Other Male,13,28,13,30,13,27,13,26,13,28,13,28,13,30,13,28,13,22
White and Other Female,18,12,18,12,18,12,18,13,18,12,18,12,18,12,18,11,18,10
Black Female,20,2,20,2,20,2,20,2,20,2,21,8,20,4,20,2,20,2
White and Other Male,12,35,12,35,12,35,12,34,12,35,12,35,12,37,12,25,12,35
White and Other Female,21,69,21,69,21,71,21,70,21,69,21,69,21,70,21,70,21,73
Black Female,12,1,12,1,12,1,12,2,12,1,15,4,12,1,12,3,12,1
Hispanic Female,14,3,14,4,14,4,14,4,14,3,21,14,14,4,14,3,15,4
White and Other Female,16,10,16,10,16,10,16,10,16,10,16,10,16,9,16,12,16,8
White and Other Male,15,21,15,23,15,21,15,20,15,21,15,21,15,23,17,18,15,20
White and Other Male,8,16,8,15,8,16,8,16,8,16,8,16,8,14,10,19,9,16
White and Other Male,19,17,19,17,19,17,19,16,19,17,19,17,19,18,19,19,20,12
White and Other Female,7,45,7,42,7,44,7,42,7,45,7,45,7,39,7,31,7,39
White and Other Female,21,70,21,70,21,72,21,71,21,70,21,70,21,71,21,71,21,74
White and Other Male,10,21,14,21,10,21,10,21,10,21,10,21,10,14,10,20,10,23
White and Other Male,9,20,9,17,9,20,9,20,9,20,9,20,9,16,9,19,11,15
Hispanic Female,10,6,10,6,10,6,10,6,10,6,10,10,10,5,10,5,11,10
White and Other Female,3,31,3,25,3,31,3,31,3,31,3,31,3,25,3,27,3,29
White and Other Male,11,26,11,25,11,26,11,25,11,26,11,26,11,24,11,23,11,16
White and Other Female,13,17,13,17,13,16,13,18,13,17,13,17,13,18,13,24,13,20
White and Other Male,21,146,21,150,21,149,21,147,21,146,21,146,21,150,21,150,21,158
White and Other Male,16,13,16,14,16,13,16,15,16,13,16,13,16,17,16,11,16,17
White and Other Male,16,14,16,15,16,14,16,16,16,14,16,14,16,18,16,12,16,18
White and Other Male,17,18,17,17,17,18,17,19,17,18,17,18,17,16,17,19,17,20
White and Other Male,21,147,21,151,21,150,21,148,21,147,21,147,21,151,21,151,21,159
White and Other Female,4,25,4,22,4,25,4,25,4,25,4,25,4,26,4,26,4,27
White and Other Male,14,19,14,22,14,19,14,18,14,19,14,19,14,22,15,30,14,35
White and Other Female,13,18,13,18,13,17,13,19,13,18,13,18,13,19,13,25,18,11
White and Other Male,10,22,10,22,10,22,10,22,10,22,10,22,10,15,10,21,11,17
White and Other Male,21,148,21,152,21,151,21,149,21,148,21,148,21,152,21,152,21,160
White and Other Male,21,149,21,153,21,152,21,150,21,149,21,149,21,153,21,153,21,161
Hispanic Female,1,5,6,23,1,5,1,5,1,5,3,8,2,15,1,4,1,4
Hispanic Female,6,20,6,24,12,7,6,17,6,20,8,16,7,8,8,9,7,8
Hispanic Male,8,8,8,6,8,8,8,7,8,8,11,9,9,10,8,12,9,8
Hispanic Female,10,7,10,7,10,7,10,7,10,7,10,11,10,6,10,6,10,7
Hispanic Male,1,3,1,3,1,3,1,3,1,3,3,3,1,2,1,2,1,2
Black Female,8,15,8,15,8,15,8,14,8,15,8,9,8,13,8,16,8,13
White and Other Male,21,150,21,154,21,153,21,151,21,150,21,150,21,154,21,154,21,162
White and Other Male,4,5,4,4,4,5,4,5,4,5,4,5,4,4,4,5,4,3
White and Other Male,4,6,4,5,4,6,4,6,4,6,4,6,4,5,4,6,4,4
White and Other Male,10,23,10,23,10,23,10,23,10,23,10,23,10,16,10,22,10,24
White and Other Male,21,151,21,155,21,154,21,152,21,151,21,151,21,155,21,155,21,163
White and Other Female,6,20,6,20,6,20,6,20,6,20,6,20,6,19,6,15,7,40
White and Other Female,19,13,19,13,19,14,19,12,19,13,19,13,19,11,19,13,19,16
Hispanic Male,21,27,21,28,21,30,21,29,21,27,21,41,21,27,21,27,21,28
Hispanic Female,1,6,1,5,1,6,1,6,1,6,3,9,2,16,2,11,1,5
Hispanic Female,2,11,2,7,2,11,2,11,2,11,6,10,7,9,2,12,2,11
White and Other Male,21,152,21,156,21,155,21,153,21,152,21,152,21,156,21,156,21,164
White and Other Male,21,153,21,157,21,156,21,154,21,153,21,153,21,157,21,157,21,165
White and Other Female,12,31,12,30,12,31,12,34,12,31,12,31,12,31,12,25,12,30
White and Other Female,21,71,21,71,21,73,21,72,21,71,21,71,21,72,21,72,21,75
White and Other Female,3,32,3,26,3,32,3,32,3,32,3,32,3,26,3,28,3,30
White and Other Male,18,18,18,18,18,17,18,21,18,18,18,18,18,20,18,22,19,21
White and Other Male,21,154,21,158,21,157,21,155,21,154,21,154,21,158,21,158,21,166
Black Female,12,2,12,2,12,2,12,3,12,2,11,11,13,3,12,4,12,2
White and Other Male,9,21,9,18,9,21,9,21,9,21,9,21,9,17,9,20,9,17
White and Other Male,14,20,20,16,14,20,14,19,14,20,14,20,15,24,14,27,16,19
Black Male,6,14,12,5,6,14,6,13,6,20,14,13,7,5,7,8,6,17
White and Other Female,10,18,10,19,10,17,10,18,10,18,10,18,10,19,11,22,10,20
Black Female,8,16,8,16,8,16,11,6,8,16,8,10,9,12,8,17,8,14
White and Other Male,12,36,12,36,12,36,12,35,12,36,12,36,12,38,12,26,13,23
White and Other Female,21,72,21,72,21,74,21,73,21,72,21,72,21,73,21,73,21,76
White and Other Female,4,26,13,19,4,26,4,26,4,26,4,26,12,32,4,27,4,28
White and Other Male,20,17,20,17,20,16,20,17,20,17,20,17,20,16,20,17,21,167
Black Female,8,17,8,17,8,17,8,15,8,17,8,11,8,14,9,12,8,15
White and Other Male,8,17,8,16,8,17,8,17,8,17,8,17,8,15,9,21,8,16
White and Other Female,21,73,21,73,21,75,21,74,21,73,21,73,21,74,21,74,21,77
White and Other Female,7,46,7,43,7,45,7,43,7,46,7,46,7,40,7,32,7,41
Hispanic Male,11,12,11,13,11,12,11,12,11,12,15,9,11,12,12,11,11,8
White and Other Male,13,29,13,31,13,28,13,27,13,29,13,29,13,31,13,29,13,24
White and Other Female,9,26,9,28,9,26,9,24,9,26,9,26,9,29,9,26,9,27
White and Other Male,8,18,8,17,8,18,8,18,8,18,8,18,9,18,8,15,9,18
Black Male,5,21,5,20,5,21,5,19,13,5,20,5,13,6,5,22,5,20
White and Other Female,4,27,4,23,4,27,4,27,4,27,4,27,4,27,4,28,4,29
White and Other Female,4,28,4,24,4,28,4,28,4,28,4,28,4,28,4,29,4,30
Hispanic Male,14,9,14,9,14,7,18,4,14,9,19,6,14,9,14,12,15,7
White and Other Female,7,47,7,44,7,46,7,44,7,47,7,47,7,41,7,33,7,42
White and Other Female,9,27,9,29,9,27,9,25,9,27,9,27,9,30,11,23,9,28
White and Other Female,5,11,5,8,5,11,5,11,5,11,5,11,5,12,5,12,5,11
White and Other Female,16,11,16,11,16,11,16,11,16,11,16,11,16,10,16,13,16,9
White and Other Female,21,74,21,74,21,76,21,75,21,74,21,74,21,75,21,75,21,78
Black Female,7,14,7,16,7,13,7,13,7,14,8,12,8,15,7,12,8,16
White and Other Female,5,12,5,9,5,12,5,12,5,12,5,12,6,20,5,13,5,12
Hispanic Male,10,6,10,7,10,6,10,6,10,6,13,7,10,7,12,12,10,7
White and Other Male,21,155,21,159,21,158,21,156,21,155,21,155,21,159,21,159,21,168
White and Other Male,21,156,21,160,21,159,21,157,21,156,21,156,21,160,21,160,21,169
White and Other Female,11,21,11,23,11,21,11,23,11,21,11,21,11,23,12,26,12,31
White and Other Female,10,19,10,20,10,18,10,19,10,19,10,19,10,20,10,22,10,21
Black Male,5,22,5,21,5,22,5,20,5,14,12,10,5,17,5,23,5,21
White and Other Male,12,37,12,37,21,160,12,36,12,37,12,37,13,32,14,28,12,36
White and Other Male,13,30,13,32,13,29,13,28,13,30,13,30,14,23,13,30,14,36
White and Other Female,21,75,21,75,21,77,21,76,21,75,21,75,21,76,21,76,21,79
White and Other Female,7,48,7,45,7,47,7,45,7,48,7,48,7,42,8,34,7,43
White and Other Female,16,12,16,12,16,12,16,12,16,12,16,12,16,11,16,14,16,10
White and Other Female,8,26,8,32,8,25,8,25,8,26,8,26,8,27,9,27,8,29
White and Other Male,4,7,4,6,4,7,4,7,4,7,4,7,14,24,5,6,4,5
White and Other Male,21,157,21,161,21,161,21,158,21,157,21,157,21,161,21,161,21,170
White and Other Female,8,27,8,33,8,26,8,26,8,27,8,27,8,28,8,35,8,30
White and Other Female,9,28,9,30,9,28,9,26,9,28,9,28,10,21,10,23,10,22
White and Other Female,21,76,21,76,21,78,21,77,21,76,21,76,21,77,21,77,21,80
White and Other Male,21,158,21,162,21,162,21,159,21,158,21,158,21,162,21,162,21,171
White and Other Female,8,28,8,34,8,27,8,27,8,28,8,28,9,31,9,28,9,29
White and Other Female,5,13,5,10,5,13,5,13,5,13,5,13,5,13,6,16,5,13
White and Other Female,10,20,10,21,10,19,10,20,10,20,10,20,10,22,10,24,10,23
White and Other Female,10,21,10,22,10,20,10,21,10,21,10,21,10,23,10,25,10,24
Black Male,7,12,7,12,7,12,7,11,8,14,20,6,8,11,8,13,8,9
White and Other Male,7,10,7,8,7,10,7,10,7,10,7,10,7,11,7,10,7,11
Hispanic Female,7,10,7,11,7,10,7,9,7,10,9,10,7,10,8,10,7,9
White and Other Male,6,11,6,9,6,11,9,22,6,11,6,11,6,12,8,16,7,12
White and Other Male,21,159,21,163,21,163,21,160,21,159,21,159,21,163,21,163,21,172
Hispanic Female,12,7,12,7,12,8,12,6,12,7,12,5,12,10,12,9,12,7
White and Other Female,5,14,12,31,5,14,5,14,5,14,5,14,11,24,5,14,5,14
White and Other Female,20,11,20,11,20,10,20,11,20,11,20,11,20,13,20,12,21,81
White and Other Male,5,10,5,11,5,10,5,10,5,10,5,10,5,8,5,7,6,11
White and Other Male,20,18,20,18,20,17,20,18,20,18,20,18,20,17,20,18,21,173
Hispanic Male,9,8,9,8,9,8,9,9,9,8,14,10,9,11,10,6,9,9
Hispanic Female,11,10,11,10,11,10,11,11,11,10,13,10,11,9,11,11,11,11
White and Other Female,21,77,21,77,21,79,21,78,21,77,21,77,21,78,21,78,21,82
White and Other Male,13,31,13,33,13,30,13,29,13,31,13,31,13,33,13,31,13,25
White and Other Female,14,4,14,7,14,5,14,4,14,4,14,4,14,5,14,7,14,6
White and Other Male,12,38,12,38,12,37,12,37,12,38,12,38,12,39,12,27,12,37
Black Female,12,3,12,3,12,3,12,4,12,3,15,5,13,4,12,5,12,3
Black Male,6,15,6,12,19,4,6,14,6,21,21,38,7,6,7,9,7,8
White and Other Female,21,78,21,78,21,80,21,79,21,78,21,78,21,79,21,79,21,83
Hispanic Male,8,9,8,7,8,9,8,8,8,9,11,10,9,12,10,7,9,10
Black Female,8,18,8,18,8,18,8,16,8,18,9,9,9,13,8,18,8,17
White and Other Male,21,160,21,164,21,164,21,161,21,160,21,160,21,164,21,164,21,174
White and Other Male,9,22,13,34,9,22,9,23,9,22,9,22,9,19,9,22,9,19
White and Other Female,9,29,9,31,9,29,9,27,9,29,9,29,9,32,10,26,9,30
Hispanic Female,7,11,7,12,7,11,7,10,7,11,14,4,8,12,8,11,8,13
White and Other Male,10,24,10,24,10,24,10,24,10,24,10,24,11,25,13,32,11,18
White and Other Male,14,21,14,23,14,21,14,20,14,21,14,21,14,25,14,29,14,37
White and Other Male,13,32,13,35,13,31,13,30,13,32,13,32,13,34,14,30,13,26
White and Other Female,5,15,5,11,5,15,5,15,5,15,5,15,5,14,6,17,5,15
White and Other Female,17,17,17,17,17,18,17,17,17,17,17,17,17,21,17,18,17,18
White and Other Female,12,32,12,32,12,32,12,35,12,32,12,32,12,33,13,26,12,32
White and Other Male,11,27,11,26,11,27,11,26,11,27,11,27,11,26,11,24,12,38
White and Other Male,12,39,12,39,12,38,12,38,12,39,12,39,12,40,12,28,12,39
Hispanic Male,10,7,10,8,10,7,10,7,10,7,14,11,10,8,10,8,10,8
White and Other Female,3,33,3,27,3,33,3,33,3,33,3,33,3,27,3,29,3,31
White and Other Male,21,161,21,165,21,165,21,162,21,161,21,161,21,165,21,165,21,175
White and Other Male,11,28,11,27,11,28,11,27,11,28,11,28,11,27,12,29,11,19
Black Male,2,6,6,13,2,6,2,6,2,6,12,11,2,7,2,3,2,7
White and Other Male,21,162,21,166,21,166,21,163,21,162,21,162,21,166,21,166,21,176
White and Other Female,21,79,21,79,21,81,21,80,21,79,21,79,21,80,21,80,21,84
White and Other Female,8,29,8,35,8,28,8,28,8,29,8,29,8,29,8,36,8,31
White and Other Female,13,19,13,20,13,18,13,20,13,19,13,19,13,20,13,27,13,21
White and Other Male,21,163,21,167,21,167,21,164,21,163,21,163,21,167,21,167,21,177
Black Male,2,7,2,6,2,7,2,7,2,7,11,4,2,8,3,9,2,8
Black Male,21,4,21,4,21,4,21,5,21,5,21,39,21,5,21,4,21,4
White and Other Male,12,40,12,40,12,39,16,17,12,40,12,40,13,35,12,30,12,40
White and Other Female,19,14,19,14,19,15,19,13,19,14,19,14,20,14,19,14,20,8
White and Other Female,17,18,17,18,17,19,17,18,17,18,17,18,17,22,17,19,18,12
Black Female,6,12,17,1,6,12,6,9,6,12,5,10,17,2,6,8,6,9
Black Female,7,15,12,4,7,14,7,14,7,15,7,9,7,18,7,13,7,16
White and Other Male,21,164,21,168,21,168,21,165,21,164,21,164,21,168,21,168,21,178
White and Other Male,15,22,21,169,15,22,15,21,15,22,15,22,15,25,15,31,17,21
White and Other Male,12,41,12,41,12,40,12,39,12,41,12,41,13,36,14,31,13,27
White and Other Male,15,23,15,24,15,23,15,22,15,23,15,23,20,18,15,32,17,22
Black Female,4,10,4,7,4,10,4,10,4,10,4,12,4,10,4,10,4,10
White and Other Female,6,21,6,21,6,21,6,21,6,21,6,21,6,21,6,18,6,17
White and Other Male,16,15,16,16,16,15,16,18,16,15,16,15,16,19,18,23,16,20
Black Female,21,7,21,7,21,7,21,7,21,7,21,9,21,7,21,7,21,7
White and Other Female,5,16,5,12,5,16,5,16,5,16,5,16,5,15,5,15,5,16
White and Other Female,4,29,9,32,4,29,4,29,4,29,4,29,5,16,4,30,4,31
Black Male,18,1,18,1,18,1,18,1,18,2,21,40,18,3,18,1,19,4
White and Other Male,9,23,20,19,9,23,9,24,9,23,9,23,20,19,9,23,9,20
White and Other Female,10,22,10,23,10,21,10,22,10,22,10,22,10,24,10,27,10,25
Hispanic Male,3,5,3,5,3,5,3,4,3,5,2,2,3,5,3,3,4,4
Hispanic Male,10,8,10,9,10,8,10,8,10,8,9,4,15,5,10,9,11,9
White and Other Male,6,12,6,10,6,12,6,11,6,12,6,12,6,13,6,9,8,17
White and Other Male,13,33,13,36,13,32,13,31,13,33,13,33,13,37,15,33,13,28
White and Other Female,20,12,20,12,20,11,20,12,20,12,20,12,20,15,20,13,20,9
White and Other Female,21,80,21,80,21,82,21,81,21,80,21,80,21,81,21,81,21,85
White and Other Male,15,24,15,25,15,24,15,23,15,24,15,24,15,26,17,20,15,21
Hispanic Female,7,12,7,13,7,12,8,14,7,12,10,12,8,13,8,12,7,10
Hispanic Male,11,13,11,14,11,13,11,13,11,13,17,10,11,13,11,6,12,13
